# https://github.com/mikedh/trimesh
v -0.01178359 0.01477547 0.03458917
v -0.01214088 0.01493915 0.03424556
v -0.01173442 0.01490834 0.03437988
v -0.01182825 0.01461813 0.03477915
v -0.01216614 0.01482323 0.03444835
v -0.01211414 0.01503054 0.03403071
v -0.01168184 0.01501335 0.03415619
v -0.01218939 0.01468540 0.03463523
v -0.01186754 0.01444076 0.03494631
v -0.01221028 0.01452900 0.03480291
v -0.01105974 0.01312662 0.03600762
v -0.01153313 0.01291530 0.03607760
v -0.01208107 0.01430991 0.03500745
v -0.01255660 0.01445677 0.03484738
v -0.01062879 0.01126969 0.03716468
v -0.02124577 0.01268628 0.03624194
v -0.02186998 0.01073369 0.03736152
v -0.02186998 0.01262917 0.03616126
v -0.02124577 0.01078223 0.03744757
v -0.02124577 0.01482972 0.03441372
v -0.02186998 0.01439169 0.03477296
v -0.02186998 0.01474639 0.03436060
v -0.02124577 0.01445677 0.03484738
v -0.02186998 0.01497127 0.03386521
v -0.02243309 0.01450456 0.03420617
v -0.02243309 0.01469585 0.03378481
v -0.02287998 0.01431448 0.03332675
v -0.02243309 0.01476136 0.03332675
v -0.02287998 0.01426688 0.03365953
v 0.02043876 0.01442925 0.04778539
v 0.02097578 0.01447145 0.04723882
v 0.02028083 0.01477319 0.04742821
v -0.02287998 0.01431448 0.02177045
v -0.02316690 0.01375136 0.03332675
v -0.02316690 0.01375136 0.02140908
v 0.02088810 0.01423913 0.04766593
v 0.02135323 0.01395922 0.04764367
v 0.02103609 0.01374298 0.04823679
v 0.02033559 0.01402909 0.04841682
v 0.02068211 0.01409706 0.04804583
v 0.01995778 0.01454707 0.04801313
v 0.02538524 0.00863611 0.04953521
v 0.02475910 0.00864454 0.04993046
v 0.02503339 0.00795431 0.05005129
v 0.01459439 0.00637177 0.05458364
v 0.01388901 0.00637685 0.05474931
v 0.01394465 0.00565213 0.05481382
v 0.02600024 0.00862769 0.04912936
v 0.02565036 0.00795291 0.04965738
v 0.02956369 0.00201646 0.04649301
v 0.03277019 0.00100630 0.04183989
v 0.03177809 0.00201646 0.04125420
v 0.03032169 0.00100630 0.04763249
v 0.03219527 0.00199316 0.03914896
v 0.03315520 0.00100630 0.03991883
v 0.03302675 0.00100630 0.02559398
v -0.00682216 0.00210291 0.04064755
v -0.00648019 0.00173808 0.04101036
v -0.00676736 0.00105395 0.04071903
v 0.00082706 0.01090739 0.05421235
v 0.00033376 0.01089984 0.05418968
v 0.00046404 0.01029823 0.05459125
v 0.02371697 0.01158628 0.04876627
v 0.02304963 0.01160119 0.04917004
v 0.02350484 0.01098371 0.04936787
v 0.02457146 0.01038291 0.04915544
v 0.02414800 0.01098452 0.04896368
v 0.02394955 0.01036691 0.04956212
v 0.02332450 0.01034265 0.04994980
v 0.02625753 0.00794803 0.04925315
v 0.02591131 0.00727097 0.04977601
v 0.03207498 0.00420304 0.03985225
v 0.03193756 0.00200983 0.04055900
v 0.03207758 0.00200201 0.03985244
v -0.02416753 0.00158263 0.05336258
v -0.00078240 0.00201646 0.05580348
v -0.02225160 0.00201646 0.05293801
v -0.02526971 0.00100630 0.05411921
v -0.00139678 0.00100630 0.05730545
v 0.01334076 0.00201646 0.05508204
v 0.01334059 0.00420304 0.05508129
v 0.01263379 0.00201646 0.05521752
v 0.02564108 0.00564811 0.05032495
v 0.02553603 0.00637148 0.05028073
v 0.02502218 0.00565239 0.05070448
v 0.02674574 0.00635618 0.04948064
v 0.02614941 0.00636624 0.04988703
v 0.02624899 0.00564485 0.04993482
v 0.02693844 0.00492005 0.04957897
v 0.02634378 0.00492385 0.04997846
v 0.02643376 0.00420304 0.05001806
v 0.02582964 0.00420304 0.05040868
v 0.02573894 0.00492537 0.05036755
v 0.02522039 0.00420304 0.05077781
v 0.00138395 0.00492123 0.05580606
v 0.00065692 0.00492366 0.05578410
v 0.00067322 0.00420304 0.05586654
v 0.03052800 0.00927376 0.03970439
v 0.03083982 0.00861127 0.03973596
v 0.03065461 0.00926119 0.03899756
v 0.03114467 0.00794952 0.03976503
v 0.03096720 0.00860942 0.03902717
v 0.03144278 0.00728845 0.03979165
v 0.03127176 0.00794577 0.03905723
v -0.01084890 0.01497402 0.03453796
v -0.01162711 0.01508837 0.03392317
v -0.01074029 0.01507137 0.03429063
v -0.00992955 0.01505270 0.03479771
v -0.01062952 0.01512867 0.03403841
v -0.00691330 0.00314186 0.04052854
v -0.00721618 0.00205298 0.04039335
v -0.00730722 0.00306704 0.04027664
v -0.00704063 0.00418009 0.04036253
v -0.00720397 0.00520973 0.04014931
v -0.00719340 0.00684742 0.04007429
v -0.00740293 0.00622870 0.03988963
v -0.00829875 0.00802872 0.03900636
v -0.00847579 0.00690898 0.03922065
v -0.00874544 0.00785536 0.03888521
v -0.00851336 0.01511654 0.03564243
v -0.00898032 0.01511966 0.03516529
v -0.00886983 0.01514044 0.03503926
v -0.00976342 0.01512428 0.03453919
v -0.00968086 0.01514155 0.03441063
v -0.01057438 0.01514261 0.03391286
v -0.01205841 0.01513454 0.03358313
v -0.01157155 0.01513273 0.03368674
v -0.00761685 0.00849244 0.03951845
v -0.00763704 0.00723494 0.03958426
v -0.00790586 0.00822637 0.03923343
v -0.00812984 0.01009295 0.03884510
v -0.00820894 0.00920091 0.03883805
v -0.00992156 0.01411803 0.03623941
v -0.00958944 0.01399484 0.03664954
v -0.00968273 0.01364717 0.03673686
v -0.01006508 0.01347443 0.03641899
v -0.01001662 0.01380038 0.03634786
v -0.00941330 0.01312715 0.03716064
v -0.00931657 0.01200381 0.03739271
v -0.00872971 0.01164055 0.03805783
v -0.00854557 0.01015661 0.03839879
v -0.00318493 0.01468516 0.04393440
v -0.00351975 0.01476136 0.04352193
v -0.00318493 0.01495871 0.04339749
v -0.02243309 0.01246344 0.03592701
v -0.02243309 0.01420283 0.03455697
v -0.02316690 0.01372633 0.03350169
v -0.02287998 0.01412790 0.03396570
v -0.02316690 0.01365327 0.03366258
v -0.02326577 0.01312715 0.03332675
v -0.00257531 0.01504828 0.04342660
v -0.00307183 0.01504828 0.04318061
v -0.00765840 0.00200863 0.04023781
v -0.00774982 0.00300635 0.04012396
v -0.02287998 0.01390868 0.03422061
v -0.00743442 0.00408045 0.04011376
v -0.00759760 0.00508536 0.03990471
v -0.01154387 0.01514359 0.03356896
v -0.00779636 0.00607973 0.03964999
v 0.02650492 0.00727126 0.04936837
v 0.02530069 0.00726574 0.05017101
v 0.00060522 0.00100630 0.05737903
v 0.00139781 0.00201646 0.05588359
v 0.00067320 0.00201646 0.05586703
v -0.00005853 0.00201646 0.05584012
v 0.01271770 -0.00100630 0.05666101
v 0.00060522 -0.00100630 0.05737903
v 0.01271770 0.00100630 0.05666101
v 0.02334515 0.01714124 0.03150647
v 0.02127806 0.01514715 0.03169256
v 0.02297087 0.01729072 0.03145002
v 0.02370468 0.01697193 0.03155821
v -0.02419700 0.00499998 0.05215530
v -0.02932032 0.00201646 0.04963766
v -0.02426820 0.00420304 0.05221071
v -0.02086687 0.01410268 0.04952236
v -0.02418826 0.01438774 0.04735649
v -0.02160096 0.01291129 0.05011477
v -0.02401961 0.00663728 0.05201733
v -0.03110322 0.00832853 0.04745528
v -0.02411358 0.00581696 0.05209041
v -0.00082966 0.00636275 0.05553173
v -0.02092011 0.01031647 0.05194744
v -0.02203658 0.00637969 0.05278378
v -0.00099369 0.01029430 0.05452894
v -0.02225160 0.00420304 0.05293801
v -0.00078240 0.00420304 0.05580348
v 0.01006743 0.01342891 0.05237534
v -0.01906792 0.01342891 0.05052058
v 0.00009149 0.01169846 0.05330277
v -0.00081555 0.00564678 0.05563389
v -0.00079968 0.00492193 0.05572507
v -0.02210910 0.00565732 0.05284322
v -0.00257531 0.01514715 0.04280237
v -0.00410344 0.01375136 0.04396674
v -0.00373771 0.01363766 0.04437354
v -0.00418209 0.01312715 0.04402664
v -0.00373771 0.01409819 0.04413894
v -0.00891503 0.01109156 0.03791669
v -0.00373771 0.01312715 0.04445443
v -0.00318493 0.01425911 0.04436037
v -0.00318493 0.01372226 0.04463397
v -0.00257531 0.01476136 0.04398971
v -0.00257531 0.01431448 0.04443658
v -0.00318493 0.01312715 0.04472819
v -0.00257531 0.01375136 0.04472350
v -0.02218127 0.00492679 0.05289496
v 0.02285148 0.01097886 0.04976357
v 0.02478086 0.01098166 0.04855092
v 0.02437205 0.01157078 0.04835376
v 0.02517752 0.01039034 0.04873811
v 0.02892745 0.01155862 0.03921105
v 0.02937386 0.01099511 0.03942920
v 0.02949375 0.01100042 0.03869142
v 0.02880573 0.01154264 0.03995755
v 0.02867359 0.01152654 0.04069286
v 0.02924463 0.01098597 0.04015664
v 0.02835763 0.01209771 0.03974929
v 0.02823350 0.01206311 0.04050881
v 0.02847342 0.01212181 0.03898013
v 0.02857852 0.01213490 0.03821706
v 0.02903831 0.01157414 0.03845297
v 0.02440653 0.00795201 0.05043476
v 0.02468554 0.00725567 0.05054525
v 0.02412155 0.00865289 0.05031505
v 0.02573833 0.00929631 0.04899958
v 0.02447771 0.00933658 0.04980841
v 0.02383642 0.00934400 0.05018852
v 0.03145779 0.00728499 0.03013558
v 0.03186144 0.00634364 0.03911614
v 0.03175469 0.00634257 0.02968079
v 0.02918012 0.00420304 0.04709614
v 0.02956369 0.00420304 0.04649301
v -0.02292859 0.00420304 0.05271631
v -0.02360540 0.00420304 0.05247222
v -0.02293449 0.00201646 0.05272749
v -0.02361783 0.00201646 0.05249539
v 0.00045851 0.01139420 0.05377401
v 0.01070690 0.01229001 0.05319358
v 0.01099178 0.01164057 0.05349615
v 0.02236965 0.01161547 0.04956512
v -0.02195289 0.00797118 0.05252105
v -0.02253128 0.00810700 0.05240567
v -0.02270232 0.00646934 0.05254842
v -0.02312111 0.00822693 0.05212502
v -0.02336787 0.00655579 0.05229115
v -0.02371031 0.00832853 0.05176996
v -0.00760343 0.00100677 0.04030615
v -0.00803783 -0.00000000 0.04027748
v -0.00811273 0.00197306 0.04018890
v 0.01475194 0.00201646 0.05476279
v 0.01405149 0.00420304 0.05492867
v 0.01405165 0.00201646 0.05492942
v 0.02918095 0.00201646 0.04709669
v -0.00920302 0.01503280 0.03541941
v -0.00902641 0.01485097 0.03612266
v -0.00877429 0.01501912 0.03588659
v -0.01208646 0.01509585 0.03380837
v 0.01347614 0.01097886 0.05333247
v 0.01322483 0.01161546 0.05304625
v 0.01274833 0.01098213 0.05349332
v 0.00010455 0.01136447 0.05378957
v -0.00027402 0.01139349 0.05374768
v -0.00013835 0.01089934 0.05417254
v -0.00063821 0.01090586 0.05415919
v -0.00026874 0.01029740 0.05456446
v 0.03038533 0.00927719 0.04041561
v 0.03054470 0.00861469 0.04114768
v 0.03069901 0.00861303 0.04044273
v 0.01161657 0.01511614 0.05069399
v 0.01090243 0.01513169 0.05080431
v 0.01111559 0.01458453 0.05126124
v 0.01017950 0.01513664 0.05090638
v 0.01038786 0.01458004 0.05137134
v 0.00966270 0.01457532 0.05146805
v 0.01059833 0.01402281 0.05182528
v 0.00986571 0.01400410 0.05193031
v 0.01081085 0.01346504 0.05226873
v 0.01155969 0.01349106 0.05214524
v 0.01133465 0.01403754 0.05170810
v 0.01207480 0.01404812 0.05157816
v 0.01184587 0.01458837 0.05113741
v 0.03177809 0.00420304 0.04125420
v 0.02702041 0.00420304 0.04961395
v 0.02702041 0.00201646 0.04961395
v 0.02643435 0.00201646 0.05001897
v 0.02583023 0.00201646 0.05040956
v -0.00716142 0.00102898 0.04046356
v -0.01039726 0.01730283 0.01620104
v -0.00580175 0.01727644 0.01407204
v -0.00586985 0.01726801 0.01407204
v -0.01017121 0.01741735 0.01651076
v -0.02626147 0.01438774 0.02481533
v -0.01827449 0.01713382 0.02428705
v -0.02392760 0.01438774 0.02205205
v -0.01669036 0.01710294 0.02157138
v -0.01758241 0.01514715 0.02046723
v -0.01826044 0.01514715 0.02120781
v -0.01461222 0.01689883 0.01908463
v 0.02677719 0.01388868 0.03184139
v 0.02372933 0.01697272 0.03491486
v -0.00925012 0.01597142 0.01434063
v -0.01162290 0.01597142 0.01475254
v -0.01084195 0.01701455 0.01561221
v -0.01654916 0.01514715 0.01948977
v 0.03197181 0.00491898 0.03984414
v 0.03209776 0.00491646 0.03913791
v -0.02345188 0.00576352 0.05235533
v 0.03183274 0.00491935 0.04054823
v 0.03193581 0.00420304 0.04055881
v 0.03160074 0.00635202 0.04052871
v 0.03156824 0.00563721 0.04124102
v 0.03172109 0.00563557 0.04053820
v 0.03174090 0.00635076 0.03982060
v 0.03186050 0.00563479 0.03983360
v 0.02327853 0.01218806 0.04856286
v 0.02258361 0.01221953 0.04896826
v 0.02395945 0.01214568 0.04815060
v -0.00647847 0.01712571 0.01407204
v -0.02428765 0.00201646 0.05224640
v -0.01062238 0.01716764 0.01589946
v -0.00664492 0.01710222 0.01407204
v -0.00714730 0.01696490 0.01407204
v -0.02023089 0.01461497 0.04905299
v 0.02188887 0.01223945 0.04935851
v 0.01297221 0.01223945 0.05275279
v 0.03199017 0.00491630 0.02874023
v 0.03219276 0.00420304 0.03914899
v 0.03208308 0.00420310 0.02816623
v -0.02353105 0.00497940 0.05241565
v 0.01465035 0.00565239 0.05465268
v 0.02491816 0.00637177 0.05065373
v -0.02283874 0.01076582 0.05107763
v -0.02220742 0.01062380 0.05138457
v 0.02850254 0.01213766 0.03162556
v 0.02895781 0.01157620 0.03153829
v 0.02940831 0.01100151 0.03144610
v 0.02984478 0.01042533 0.03135086
v 0.02513483 0.01206764 0.04687473
v 0.02553266 0.01152222 0.04713163
v 0.02592416 0.01095928 0.04738075
v 0.02633468 0.01208501 0.04504954
v 0.02673650 0.01154018 0.04530580
v 0.02713139 0.01097978 0.04556002
v 0.02910635 0.01097349 0.04087378
v 0.02751127 0.01041527 0.04580701
v 0.02952292 0.01041527 0.04104789
v 0.02734134 0.00929641 0.04723287
v 0.02630134 0.01039034 0.04761697
v 0.02691795 0.00929631 0.04782278
v 0.02671539 0.01040700 0.04702393
v 0.03022952 0.00927139 0.04111668
v 0.02967458 0.01042785 0.04034641
v 0.03193543 0.00527533 0.02902782
v 0.03188070 0.00563436 0.02931541
v 0.01127899 0.01097957 0.05379152
v 0.01156267 0.01032050 0.05407371
v 0.00118965 0.01029676 0.05460880
v 0.01229867 0.01350642 0.05200730
v -0.01984260 0.01229980 0.05118229
v 0.00946257 0.01513088 0.05099806
v -0.02020186 0.01164551 0.05144638
v -0.02056350 0.01097986 0.05170319
v -0.02043200 0.01251362 0.05084170
v -0.01966947 0.01366393 0.05020574
v -0.02102213 0.01271885 0.05048343
v -0.02027324 0.01389006 0.04987068
v -0.02285938 0.00495490 0.05266227
v -0.02278393 0.00571039 0.05260628
v 0.03100509 0.00794973 0.04047079
v 0.03114806 0.00728006 0.04119720
v 0.03130383 0.00728720 0.04049984
v -0.01324362 0.01741735 0.01913916
v -0.01683390 0.01741735 0.02441949
v -0.01578638 0.01732795 0.02176394
v -0.01730740 0.01733674 0.02436393
v -0.01623534 0.01722243 0.02165681
v -0.01779090 0.01724158 0.02431948
v 0.02815598 0.00927138 0.04602221
v 0.02804491 0.00861889 0.04672507
v 0.02844326 0.00861470 0.04611920
v 0.02721282 0.00862769 0.04791971
v 0.02792075 0.00795093 0.04741668
v 0.02750342 0.00794803 0.04801022
v 0.02778377 0.00727126 0.04809258
v 0.02819934 0.00727940 0.04750749
v 0.02832737 0.00795033 0.04681762
v -0.02280672 0.01438774 0.02180970
v -0.02243309 0.01476136 0.02186322
v -0.02186998 0.01504828 0.03332675
v -0.02124577 0.01506617 0.03389294
v -0.01413892 0.01709590 0.01906095
v -0.01535266 0.01741735 0.02189059
v -0.01367959 0.01726993 0.01907925
v -0.00686174 0.00516651 0.04050958
v -0.00662357 0.00345851 0.04082209
v -0.01656230 0.01719843 0.04622538
v -0.01627514 0.01731695 0.04589755
v -0.01709645 0.01732482 0.04524624
v -0.01599953 0.01741735 0.04556354
v -0.01666756 0.01741735 0.04503412
v 0.02154039 0.01714356 0.04108372
v 0.02335055 0.01698072 0.03717883
v 0.02300118 0.01714667 0.03701652
v 0.02119878 0.01729178 0.04087816
v 0.02263775 0.01729321 0.03685834
v 0.02085054 0.01741735 0.04067790
v 0.02226771 0.01741735 0.03670751
v -0.01869409 0.01581017 0.04792124
v -0.01685514 0.01706421 0.04654030
v -0.01798416 0.01709189 0.04564415
v -0.01950167 0.01518806 0.04851565
v -0.01858916 0.01714240 0.04393869
v 0.02981307 0.01043127 0.03963478
v -0.02875043 0.00832853 0.03759720
v -0.02946757 0.00529892 0.03099578
v -0.02946757 0.00529892 0.03761870
v -0.02875043 0.00832853 0.03115594
v -0.00978715 0.01441488 0.03608608
v -0.01024288 0.01475933 0.03528536
v -0.00961713 0.01467463 0.03589206
v -0.01322925 0.01514715 0.01503140
v -0.01325984 0.01514715 0.01506103
v -0.02679740 0.01438774 0.04580916
v -0.02697027 0.01438774 0.04307469
v -0.02480928 0.01438774 0.03203609
v -0.02480928 0.01438774 0.03747900
v -0.02707401 0.01438774 0.02787250
v 0.01372100 0.01034266 0.05360555
v 0.01300685 0.01034040 0.05377430
v -0.02186998 0.01504828 0.02184461
v -0.02124577 0.01514715 0.03332675
v -0.01255660 0.01506617 0.03389294
v -0.01255660 0.01514715 0.03332675
v -0.01204442 0.01514403 0.03347083
v -0.01185874 0.01514715 0.03338383
v -0.01118064 0.01514715 0.03354342
v -0.00989956 0.01514715 0.03410208
v -0.00931428 0.01514715 0.03447759
v -0.00838405 0.01513971 0.03552140
v -0.00826017 0.01514715 0.03540029
v -0.00780653 0.01514715 0.03593641
v -0.00875096 0.01476136 0.03665601
v -0.00830305 0.01504828 0.03631478
v -0.00910643 0.01431448 0.03692683
v -0.00387522 0.01431448 0.04379283
v -0.00933466 0.01375136 0.03710074
v -0.00643230 0.00000285 0.04107316
v -0.01455150 0.01701807 0.04735587
v -0.01719551 0.01512144 0.04929237
v 0.00968668 0.01699452 0.04884218
v 0.01943040 0.01699100 0.04453266
v -0.01080699 0.01381876 0.03576965
v -0.01057731 0.01402642 0.03580594
v -0.01048968 0.01429714 0.03566944
v -0.00930679 0.01082244 0.03771529
v -0.00970788 0.01171141 0.03720174
v -0.01060304 0.01341458 0.03605570
v -0.00944545 0.01432442 0.03651471
v -0.00925464 0.01461562 0.03633616
v -0.00941903 0.01488353 0.03566591
v 0.00489130 0.01514715 0.02134484
v 0.00463176 0.01741735 0.02117143
v 0.00463176 0.01514715 0.02117143
v 0.00489130 0.01741735 0.02134484
v 0.00432562 0.01514715 0.02111053
v 0.00432562 0.01741735 0.02111053
v 0.00393822 0.01514715 0.02121485
v 0.00420626 0.01741735 0.02113427
v 0.00393508 0.01741735 0.02121653
v 0.00407849 0.01514715 0.02117231
v 0.00419930 0.01514715 0.02113566
v 0.00383389 0.01741735 0.02128414
v 0.00383114 0.01514715 0.02128640
v 0.00370148 0.01514715 0.02141606
v 0.00369923 0.01741735 0.02141881
v 0.00362994 0.01514715 0.02152314
v 0.00363162 0.01741735 0.02152000
v 0.00355977 0.01514715 0.02169254
v 0.00355874 0.01741735 0.02169595
v 0.00353464 0.01514715 0.02181885
v 0.00353499 0.01741735 0.02181531
v 0.00353464 0.01514715 0.02200221
v 0.00353499 0.01741735 0.02200575
v 0.00355977 0.01514715 0.02212852
v 0.00355874 0.01741735 0.02212511
v -0.00265664 0.01741735 0.02815761
v -0.00272849 0.01514715 0.02833015
v -0.00265832 0.01514715 0.02816074
v -0.00272952 0.01741735 0.02833355
v -0.00275361 0.01514715 0.02845646
v -0.00275326 0.01741735 0.02845292
v -0.00275361 0.01514715 0.02863982
v -0.00275326 0.01741735 0.02864336
v 0.00892212 0.01715941 0.04856656
v 0.00954074 0.01729714 0.04809541
v 0.00887704 0.01729905 0.04818625
v 0.00897078 0.01700127 0.04893273
v 0.00961393 0.01715523 0.04847534
v -0.01559497 0.01731212 0.04616639
v -0.01585023 0.01718791 0.04651001
v -0.01611725 0.01704725 0.04683888
v -0.01838547 0.01478256 0.04932107
v -0.01769642 0.01536327 0.04884543
v -0.01819938 0.01559442 0.04838525
v -0.01894636 0.01498895 0.04892200
v -0.01963745 0.01442080 0.04941679
v -0.01904328 0.01421607 0.04977443
v 0.01201592 0.01098243 0.05364635
v 0.01228246 0.01033296 0.05393141
v 0.01248663 0.01162326 0.05320523
v 0.01146165 0.01228066 0.05305781
v 0.02165090 0.01415074 0.04703970
v 0.02076165 0.01698249 0.04318498
v 0.01999047 0.01697873 0.04407635
v -0.01482974 0.01730779 0.04642965
v -0.01535669 0.01741735 0.04581494
v -0.00272952 0.01741735 0.02876272
v -0.00265832 0.01514715 0.02893553
v -0.00272849 0.01514715 0.02876613
v -0.00265664 0.01741735 0.02893867
v -0.00258677 0.01514715 0.02904261
v -0.00258903 0.01741735 0.02903986
v -0.03209707 0.00529892 0.04442755
v -0.03188671 0.00529892 0.04775482
v -0.03130781 0.00832853 0.04421927
v -0.02988646 0.01135813 0.02681127
v -0.02735356 0.01135813 0.03146789
v -0.02967109 0.00832853 0.04090824
v -0.03041419 0.00529892 0.04102313
v -0.00975778 0.01058934 0.03762600
v -0.01119722 0.01424188 0.03533122
v -0.01112837 0.01446517 0.03517437
v -0.01037720 0.01454519 0.03549446
v -0.00803023 0.00706154 0.03935041
v -0.00860149 0.00897919 0.03861871
v -0.00904946 0.00878546 0.03850697
v -0.00893776 0.00991106 0.03818799
v -0.00824096 0.00594832 0.03951282
v -0.00938715 0.00969741 0.03808699
v -0.00787753 0.00399215 0.03996508
v -0.00804139 0.00497538 0.03976118
v -0.01430644 0.01716982 0.04701208
v -0.01753833 0.01721559 0.04545097
v 0.00527672 0.01941735 0.01459980
v 0.01365180 0.01514715 0.01868327
v 0.00527656 0.01515230 0.01459947
v 0.01365195 0.01941220 0.01868360
v 0.00412078 0.01514715 0.01434256
v 0.00412078 0.01941688 0.01434256
v -0.00869840 0.00584436 0.03948497
v -0.00920569 0.00771992 0.03887514
v -0.00833309 0.00392167 0.03992398
v -0.02124577 0.00224787 0.04016176
v -0.02124577 0.00447492 0.03981620
v 0.02362279 0.01697462 0.03567553
v 0.02349569 0.01697727 0.03643539
v -0.01762168 0.01733918 0.04373861
v -0.01714739 0.01741735 0.04364478
v -0.01810557 0.01724689 0.04383725
v -0.02735356 0.01135813 0.03755530
v -0.02822364 0.01135813 0.04068445
v -0.02977045 0.01135813 0.04381360
v -0.02156349 0.01047299 0.05167649
v -0.02082428 0.01181985 0.05112979
v -0.02120151 0.01113960 0.05140803
v -0.01781832 0.01456945 0.04971324
v -0.02183532 0.01129051 0.05110271
v -0.02246591 0.01143215 0.05078758
v 0.03055881 0.00926133 0.03103991
v 0.03086893 0.00861008 0.03074439
v -0.01844674 0.01400140 0.05012546
v -0.02144032 0.01198878 0.05080251
v -0.01016061 0.01145941 0.03712526
v -0.01255660 0.01482972 0.03441372
v -0.00151819 0.01741735 0.02921331
v -0.00142712 0.01514715 0.02912225
v -0.00151819 0.01514715 0.02921331
v -0.00143213 0.01741735 0.02912726
v 0.00030385 0.01941723 0.01407204
v -0.00535747 0.01736411 0.01407204
v -0.00535747 0.01941735 0.01407204
v -0.00740070 0.01692480 0.01407204
v -0.00770293 0.01514715 0.01407204
v -0.00770293 0.01669037 0.01407204
v 0.00030385 0.01514715 0.01407204
v 0.00499711 0.01741735 0.02150320
v 0.00499317 0.01514715 0.02149730
v 0.01110891 0.01698659 0.04858000
v 0.01040423 0.01698985 0.04872355
v -0.01534392 0.01703200 0.04711249
v 0.02330316 0.01413827 0.04532821
v 0.02554020 0.01208301 0.04627296
v 0.02358912 0.01408557 0.04501211
v 0.02378525 0.01404687 0.04479245
v 0.02594289 0.01208885 0.04566041
v 0.02408101 0.01398740 0.04445998
v 0.01446195 0.00725567 0.05443705
v 0.03085298 0.00794637 0.04117470
v 0.02899055 0.00728006 0.04630137
v 0.02872336 0.00794637 0.04621290
v 0.02926042 0.00634739 0.04639147
v 0.03144383 0.00634739 0.04122599
v 0.02804855 0.00635618 0.04818097
v 0.02070594 0.01350642 0.04880695
v 0.03168043 0.00491753 0.04125049
v 0.02947632 0.00491753 0.04646493
v 0.01475194 0.00420304 0.05476279
v 0.02512361 0.00492452 0.05074611
v 0.01470322 0.00492452 0.05471279
v 0.02522039 0.00201646 0.05077781
v 0.02511603 0.00932057 0.04940938
v -0.02316690 0.00419041 0.03844969
v -0.02287998 0.00216257 0.03933355
v -0.02316690 0.00210487 0.03877326
v -0.02287998 0.00430519 0.03900097
v -0.02316690 0.00623182 0.03791407
v -0.02287998 0.00640248 0.03845068
v -0.02316690 0.00820760 0.03717214
v -0.02287998 0.00843235 0.03768844
v -0.02316690 0.01009697 0.03623163
v -0.02287998 0.01037343 0.03672222
v -0.02287998 0.01220531 0.03556222
v -0.02243309 0.01059283 0.03711157
v -0.02243309 0.00861070 0.03809822
v -0.02186998 0.00872522 0.03836118
v -0.00985089 0.00953323 0.03809965
v -0.02124577 0.00876468 0.03845191
v -0.01163432 0.01415225 0.03522519
v -0.01104594 0.01466623 0.03498670
v -0.01095188 0.01483776 0.03477244
v -0.02326577 0.01312715 0.02096111
v -0.02326577 0.01135814 0.01963098
v -0.02636747 0.01135814 0.02030162
v 0.02860436 0.00728235 0.04690634
v -0.02205050 0.01215223 0.05046447
v -0.00373771 0.01446367 0.04377339
v -0.00125404 0.01514715 0.02891135
v -0.00125236 0.01741735 0.02890821
v -0.00120476 0.01514715 0.02879237
v -0.00120579 0.01741735 0.02879577
v -0.00116898 0.01514715 0.02861253
v -0.00116864 0.01741735 0.02860899
v -0.00116898 0.01514715 0.02848375
v -0.00116864 0.01741735 0.02848729
v -0.00120476 0.01514715 0.02830391
v -0.00120579 0.01741735 0.02830050
v -0.00129115 0.01741735 0.02814080
v -0.00139696 0.01514715 0.02798245
v -0.00129509 0.01514715 0.02813491
v -0.00139696 0.01741735 0.02798245
v 0.03246287 0.00142284 0.02564340
v 0.03209170 0.00170007 0.02592326
v 0.01786520 0.01730284 0.04470237
v 0.01841547 0.01729953 0.04431197
v 0.01766132 0.01741735 0.04435113
v 0.01806802 0.01716767 0.04505092
v 0.01863782 0.01716046 0.04464651
v 0.01826564 0.01701460 0.04538964
v 0.01885160 0.01700298 0.04497357
v 0.01898647 0.01729613 0.04387795
v 0.01818911 0.01741735 0.04397682
v 0.01921325 0.01715304 0.04420866
v 0.01951396 0.01729264 0.04344918
v 0.01875469 0.01741735 0.04354729
v 0.01975858 0.01714543 0.04376489
v 0.00946859 0.01741735 0.04771014
v 0.00883647 0.01741735 0.04779958
v 0.02993555 0.01042547 0.03892754
v 0.02684626 0.00564269 0.04953425
v -0.00005851 0.00420304 0.05583962
v -0.00007099 0.00492390 0.05575710
v 0.00062820 0.00636338 0.05559492
v 0.00127177 0.00832853 0.05511082
v 0.00135389 0.00636029 0.05561284
v -0.00010464 0.00636421 0.05556767
v 0.01024186 0.01729580 0.04797299
v 0.01016002 0.01741735 0.04758677
v -0.03143056 0.00832853 0.02622863
v -0.01507995 0.01717846 0.04677860
v -0.01408007 0.01730383 0.04665236
v -0.01459842 0.01741735 0.04607285
v 0.02014632 0.01729372 0.04270770
v 0.01926160 0.01741735 0.04313567
v 0.02045939 0.01714777 0.04294917
v 0.01089451 0.01729488 0.04783452
v 0.01078111 0.01741735 0.04745271
v 0.01100452 0.01715031 0.04821287
v -0.01387701 0.01741735 0.04628402
v 0.03156207 0.00728380 0.03908711
v 0.00139781 0.00420304 0.05588359
v 0.00136921 0.00564524 0.05571521
v 0.00064191 0.00564380 0.05569354
v 0.02775685 0.00928805 0.04662856
v 0.02712147 0.01041537 0.04641647
v 0.02763481 0.00862324 0.04732522
v 0.02277233 0.01729223 0.03615005
v 0.02326600 0.01714289 0.03553294
v 0.02289485 0.01729147 0.03539871
v 0.02314121 0.01714453 0.03628903
v 0.02251692 0.01741735 0.03527556
v 0.02299446 0.01729093 0.03467112
v 0.02261276 0.01741735 0.03456856
v 0.02336920 0.01714171 0.03478735
v 0.00139781 0.00401646 0.05588359
v 0.01431569 0.00795201 0.05427603
v 0.01416485 0.00865289 0.05410524
v 0.01401248 0.00934400 0.05392816
v 0.03117066 0.00794678 0.03044088
v 0.02937453 0.00563721 0.04643086
v 0.02633197 0.01096898 0.04678305
v 0.02673442 0.01097588 0.04617625
v 0.02634169 0.01153375 0.04592431
v 0.02594037 0.01152769 0.04653281
v -0.00008637 0.00564431 0.05566646
v 0.01263379 0.00420304 0.05521752
v 0.02846581 0.00635847 0.04759642
v 0.02826660 0.00492005 0.04825397
v 0.02836119 0.00420304 0.04827639
v 0.02816168 0.00564269 0.04822194
v 0.02887254 0.00635551 0.04699586
v 0.02857763 0.00563982 0.04763057
v 0.02898182 0.00563799 0.04703359
v 0.02868118 0.00492143 0.04766331
v 0.02908433 0.00492057 0.04706699
v 0.02877654 0.00420304 0.04769467
v 0.01958024 0.01504978 0.04760412
v 0.02186841 0.01697570 0.04129035
v 0.02258951 0.01741735 0.03139000
v -0.02957710 0.01135813 0.04687186
v -0.01052209 0.01514715 0.03378782
v 0.01373622 0.01514715 0.01988520
v 0.01373638 0.01941735 0.01988553
v -0.00165649 0.01741735 0.02780903
v -0.00165649 0.01514715 0.02780903
v -0.00196264 0.01741735 0.02774814
v -0.00196264 0.01514715 0.02774814
v -0.00235004 0.01514715 0.02785246
v -0.00245436 0.01741735 0.02792175
v -0.00245711 0.01514715 0.02792401
v -0.00235317 0.01741735 0.02785414
v -0.00258677 0.01514715 0.02805367
v -0.00258903 0.01741735 0.02805642
v -0.02186998 0.00445477 0.03971937
v -0.02243309 0.00220835 0.03977805
v -0.02243309 0.00439628 0.03943847
v -0.02186998 0.00223775 0.04006346
v -0.02285938 -0.00495490 0.05266227
v -0.02353105 -0.00497940 0.05241565
v -0.02345188 -0.00576353 0.05235533
v -0.02270232 -0.00646934 0.05254842
v -0.02336787 -0.00655579 0.05229115
v 0.02949375 -0.01100042 0.03869142
v 0.02892745 -0.01155862 0.03921105
v 0.02903831 -0.01157414 0.03845297
v 0.02993555 -0.01042547 0.03892754
v 0.02937386 -0.01099511 0.03942920
v 0.02847342 -0.01212181 0.03898013
v 0.02880573 -0.01154265 0.03995755
v 0.02835763 -0.01209771 0.03974929
v 0.01416485 -0.00865289 0.05410524
v 0.01218300 -0.00795874 0.05473151
v 0.01203216 -0.00865962 0.05456071
v 0.01431569 -0.00795201 0.05427603
v 0.01257713 -0.00492645 0.05516681
v 0.00139781 -0.00420304 0.05588359
v 0.00138395 -0.00492123 0.05580606
v 0.01251938 -0.00565658 0.05510691
v 0.00136921 -0.00564524 0.05571521
v 0.01246170 -0.00637850 0.05503911
v 0.00135389 -0.00636029 0.05561284
v 0.02502218 -0.00565239 0.05070448
v 0.01470322 -0.00492452 0.05471279
v 0.01465035 -0.00565239 0.05465268
v 0.02512361 -0.00492452 0.05074611
v -0.00257531 -0.01312715 0.04482236
v -0.00318493 -0.01372226 0.04463397
v -0.00318493 -0.01312715 0.04472819
v -0.00257531 -0.01375136 0.04472350
v -0.01255660 -0.01482972 0.03441372
v -0.01214088 -0.01493915 0.03424556
v -0.01255660 -0.01506617 0.03389294
v -0.01208646 -0.01509585 0.03380837
v -0.01205841 -0.01513454 0.03358313
v -0.01157155 -0.01513273 0.03368674
v -0.01154387 -0.01514359 0.03356896
v -0.01204442 -0.01514403 0.03347083
v -0.01062952 -0.01512867 0.03403841
v -0.01057438 -0.01514261 0.03391286
v -0.00976342 -0.01512428 0.03453919
v -0.00968086 -0.01514155 0.03441063
v -0.00898032 -0.01511966 0.03516529
v -0.00886983 -0.01514044 0.03503926
v -0.00851336 -0.01511654 0.03564243
v -0.00838405 -0.01513971 0.03552140
v -0.00875096 -0.01476136 0.03665601
v -0.00830305 -0.01504829 0.03631478
v -0.00902641 -0.01485097 0.03612266
v -0.00877429 -0.01501912 0.03588659
v -0.00910643 -0.01431448 0.03692683
v -0.00925464 -0.01461562 0.03633616
v -0.00958944 -0.01399485 0.03664954
v -0.00944545 -0.01432442 0.03651471
v 0.01263379 -0.00420304 0.05521752
v 0.02287931 -0.01407471 0.04410661
v 0.02230398 -0.01425294 0.04435192
v 0.02264157 -0.01379825 0.04443658
v 0.01308320 -0.00726002 0.05473151
v 0.01232926 -0.00726240 0.05489253
v 0.01317324 -0.00637911 0.05490218
v 0.01401248 -0.00934400 0.05392816
v 0.01187979 -0.00935073 0.05438364
v 0.01323434 -0.00565353 0.05496528
v 0.01334059 -0.00420304 0.05508129
v 0.01329012 -0.00492817 0.05502501
v 0.02898182 -0.00563799 0.04703359
v 0.02887254 -0.00635552 0.04699586
v 0.02926042 -0.00634739 0.04639147
v 0.02857763 -0.00563982 0.04763057
v 0.02816168 -0.00564269 0.04822194
v 0.02846581 -0.00635847 0.04759642
v 0.02836119 -0.00420304 0.04827639
v 0.02868118 -0.00492143 0.04766331
v 0.02877654 -0.00420304 0.04769467
v 0.02918012 -0.00420304 0.04709614
v 0.02908433 -0.00492057 0.04706699
v 0.02947632 -0.00491753 0.04646493
v -0.02124577 -0.00876468 0.03845191
v -0.02186998 -0.01073369 0.03736152
v -0.02186998 -0.00872522 0.03836118
v -0.02124577 -0.01078223 0.03744757
v -0.01062879 -0.01126969 0.03716468
v -0.02124577 -0.01268628 0.03624194
v -0.01016061 -0.01145941 0.03712526
v -0.01153313 -0.01291530 0.03607760
v -0.01186754 -0.01444076 0.03494631
v -0.01221028 -0.01452900 0.03480291
v -0.01208107 -0.01430991 0.03500745
v -0.02243309 -0.01246344 0.03592701
v -0.02243309 -0.01059283 0.03711157
v -0.02186998 -0.01262917 0.03616126
v -0.02287998 -0.01390868 0.03422061
v -0.02243309 -0.01420283 0.03455697
v -0.02287998 -0.01220531 0.03556222
v -0.02203658 -0.00637970 0.05278378
v -0.02278393 -0.00571040 0.05260628
v -0.01009160 0.01493045 0.03504993
v -0.02124577 0.00665484 0.03924426
v -0.00180657 0.01741735 0.02933276
v -0.00198993 0.01514715 0.02933276
v -0.00199702 0.01741735 0.02933276
v -0.00180657 0.01514715 0.02933276
v -0.00245436 0.01741735 0.02917453
v -0.00245711 0.01514715 0.02917227
v -0.00235004 0.01514715 0.02924382
v -0.00235317 0.01741735 0.02924214
v -0.00217722 0.01741735 0.02931502
v -0.00218063 0.01514715 0.02931399
v 0.00448169 0.01741735 0.02269516
v 0.00429832 0.01514715 0.02269516
v 0.00429124 0.01741735 0.02269516
v 0.00448169 0.01514715 0.02269516
v 0.00477007 0.01741735 0.02257571
v 0.00477007 0.01514715 0.02257571
v 0.00485613 0.01741735 0.02248965
v 0.00503422 0.01514715 0.02227375
v 0.00486113 0.01514715 0.02248464
v 0.00503590 0.01741735 0.02227060
v 0.00508350 0.01514715 0.02215476
v 0.00508247 0.01741735 0.02215817
v -0.02243309 0.00653792 0.03887664
v -0.02186998 0.00662487 0.03915000
v -0.02897771 0.01135813 0.02339210
v -0.03046899 0.00832853 0.02261071
v 0.01032382 0.01715233 0.04835451
v 0.02659655 0.01019773 0.03189042
v 0.02650839 0.01042547 0.03192570
v -0.02186998 0.00000285 0.04017850
v -0.02243309 0.00000285 0.03989158
v -0.02122747 -0.00000000 0.04027727
v 0.02163764 0.01431448 0.04443658
v 0.02163764 0.01375136 0.04472350
v 0.02163764 0.01476136 0.04398971
v 0.02163764 0.01504828 0.04342660
v 0.02387931 0.01473923 0.04280237
v 0.02433634 0.01426889 0.03215059
v 0.02432848 0.01426889 0.04280237
v 0.02387931 0.01473923 0.03198397
v 0.02456580 0.01388868 0.03226820
v 0.02456513 0.01388826 0.04280237
v -0.00257531 0.01312715 0.04482236
v 0.02163764 0.01312715 0.04482236
v 0.02807778 0.00577907 0.04280237
v 0.02810474 0.00563488 0.02994947
v 0.02813181 0.00549013 0.02983427
v 0.02807778 0.00577907 0.03002498
v 0.02829191 0.00463383 0.02915921
v 0.02850648 0.00348616 0.04280237
v 0.02821186 0.00506198 0.02949674
v 0.02863192 0.00213629 0.02704855
v 0.02872174 0.00116347 0.04280237
v 0.02859262 0.00256027 0.02740441
v 0.02743933 0.00802265 0.04280237
v 0.02791743 0.00634257 0.03032369
v 0.02764926 0.00728496 0.03077475
v 0.02746092 0.00794678 0.03106683
v 0.02743933 0.00802265 0.03110030
v 0.02555664 0.01228574 0.03214885
v 0.02555664 0.01228574 0.04280237
v 0.02650839 0.01037474 0.04280237
v 0.02659655 0.01019773 0.04280237
v 0.02619623 0.01100151 0.04280237
v 0.02619623 0.01100151 0.03200590
v 0.02563039 0.01213766 0.04280237
v 0.02591002 0.01157620 0.03207626
v 0.02591002 0.01157620 0.04280237
v 0.02563039 0.01213766 0.03214019
v 0.02330398 0.01504245 0.03184233
v 0.02263764 0.01514715 0.04280237
v 0.02263764 0.01514715 0.03173640
v 0.02330398 0.01504245 0.04280237
v 0.02835437 0.00420310 0.02879470
v 0.02695937 0.00926133 0.03165120
v 0.02681756 0.00962768 0.03180582
v 0.02762298 0.00115890 0.04342660
v 0.02740856 0.00347250 0.04342660
v 0.02421962 0.01209799 0.04398971
v 0.02483484 0.00986133 0.04443658
v 0.02382923 0.01188050 0.04443658
v 0.02524365 0.01004187 0.04398971
v 0.02230398 0.01371901 0.04462397
v 0.02217704 0.01347997 0.04472350
v 0.02264157 0.01379825 0.04443658
v 0.02301023 0.01405084 0.04398971
v 0.02670225 0.00569073 0.04398971
v 0.02712439 0.00343856 0.04398971
v 0.02698155 0.00575643 0.04342660
v 0.02607355 0.00790003 0.04398971
v 0.02634558 0.00799122 0.04342660
v 0.02230398 0.01467666 0.04392826
v 0.02230398 0.01494872 0.04339427
v 0.02287931 0.01443135 0.04374998
v 0.02230398 0.01425294 0.04435192
v 0.02287931 0.01407471 0.04410661
v 0.02287931 0.01466032 0.04330054
v 0.01449044 0.01514715 0.03329759
v 0.01449028 0.01741723 0.03329777
v -0.00675996 0.01741741 0.01539062
v -0.00676001 0.01741738 0.01487484
v -0.00652534 0.01741744 0.01563470
v 0.00322395 0.01741795 0.01601822
v 0.00641292 0.01741758 0.01682092
v 0.01343783 0.01742110 0.02023847
v 0.01352966 0.01741548 0.02096073
v 0.00363162 0.01741735 0.02230106
v 0.00369923 0.01741735 0.02240225
v 0.00383389 0.01741735 0.02253692
v 0.00393508 0.01741735 0.02260453
v 0.00411103 0.01741735 0.02267741
v -0.00208200 0.01741735 0.02777188
v 0.01191550 0.01741735 0.02936578
v 0.02239657 0.01741735 0.03602127
v 0.02053198 0.01741735 0.04127063
v 0.02017470 0.01741735 0.04189571
v 0.01982884 0.01741735 0.04246553
v 0.00508247 0.01741735 0.02166289
v 0.00511962 0.01741735 0.02184968
v 0.00511962 0.01741735 0.02197138
v 0.02571909 0.00545946 0.04472350
v 0.02550586 0.00321275 0.04482236
v 0.02511147 0.00531653 0.04482236
v 0.02612408 0.00329329 0.04472350
v 0.02511591 0.00757901 0.04472350
v 0.02452408 0.00738060 0.04482236
v 0.02431973 0.00963384 0.04472350
v 0.02374871 0.00938167 0.04482236
v 0.02333731 0.01160644 0.04472350
v 0.02550610 0.01015778 0.04342660
v 0.02668179 0.00337681 0.04443658
v 0.02626724 0.00558841 0.04443658
v 0.02564983 0.00775799 0.04443658
v 0.02447026 0.01223763 0.04342660
v 0.02324692 0.01421300 0.04342660
v 0.01187979 0.00935073 0.05438364
v 0.03198656 0.00563488 0.03912688
v 0.03033306 0.00963047 0.03119848
v 0.02998459 0.01019773 0.03130722
v 0.02877737 0.00201646 0.04769525
v 0.02836119 0.00201646 0.04827639
v -0.03123460 0.00529892 0.02220955
v -0.03222329 0.00529892 0.02592951
v 0.02050586 0.01729306 0.04211912
v 0.02119831 0.01714501 0.04171110
v 0.02086797 0.01729245 0.04148950
v 0.02083147 0.01714635 0.04234438
v 0.02114487 0.01698021 0.04256688
v -0.02839474 0.00529892 0.01884721
v -0.02770703 0.00832853 0.01934059
v -0.02326577 0.00529892 0.01763425
v -0.02326577 0.00763866 0.01814089
v -0.02326577 0.00754650 0.01812093
v -0.02316690 0.01188003 0.03510253
v -0.02316690 0.01353802 0.03379663
v -0.03188671 0.00201646 0.04775482
v -0.02326577 0.00832853 0.01838031
v 0.00370148 0.01514715 0.02240501
v 0.00383114 0.01514715 0.02253466
v 0.00393822 0.01514715 0.02260621
v 0.00410762 0.01514715 0.02267638
v 0.01222194 0.01226369 0.05290985
v 0.00362994 0.01514715 0.02229792
v 0.00511927 0.01514715 0.02197492
v -0.00208895 0.01514715 0.02777326
v -0.00876502 0.01514715 0.03491240
v 0.01369503 0.01742204 0.02010985
v 0.01191535 0.01514715 0.02936588
v 0.01369177 0.01941635 0.02011780
v 0.01246170 0.00637850 0.05503911
v 0.01232926 0.00726240 0.05489253
v 0.01317324 0.00637911 0.05490218
v 0.01379897 0.00725774 0.05457865
v 0.01308320 0.00726002 0.05473151
v 0.01218300 0.00795874 0.05473151
v -0.00758389 -0.00000000 0.04032950
v -0.02287998 0.00000285 0.03944470
v 0.02419074 0.01529307 0.04527571
v 0.02654906 0.01450579 0.04223335
v 0.02350031 0.01695740 0.04259688
v 0.02298144 0.01494044 0.04411476
v 0.02313091 0.01455587 0.04471600
v 0.02151622 0.01697804 0.04193092
v 0.02242067 0.01631656 0.04191750
v 0.02259122 0.01618421 0.04189872
v 0.00322377 0.01941794 0.01601984
v -0.00652544 0.01941740 0.01563459
v 0.01343456 0.01941542 0.02024642
v 0.00641275 0.01941757 0.01682254
v -0.00676006 0.01941735 0.01487474
v -0.00676006 0.01941737 0.01539052
v 0.02328465 0.01413984 0.04535224
v 0.02327264 0.01417237 0.04530247
v 0.02260654 0.01587086 0.04263660
v 0.02300522 0.01710414 0.04225616
v 0.02639816 0.01322984 0.04147951
v 0.02693078 0.01394746 0.04178808
v 0.02389422 0.01496116 0.04570540
v -0.00714210 -0.00000000 0.04048756
v -0.00674905 0.00000285 0.04074303
v -0.02326577 0.00204091 0.03815241
v -0.02316690 0.00000285 0.03888156
v -0.02326577 0.00000285 0.03825737
v 0.02688995 0.00113071 0.04443658
v 0.02733637 0.00115136 0.04398971
v 0.02541250 0.01445431 0.04374674
v 0.02267536 0.01570096 0.04290715
v 0.02287298 0.01521644 0.04368111
v 0.02426672 0.01394683 0.04424764
v 0.02456622 0.01388119 0.04390495
v 0.02473756 0.01383981 0.04370471
v -0.00139678 -0.00100630 0.05730545
v -0.02526971 -0.00100630 0.05411921
v -0.03188671 -0.00201646 0.04775482
v -0.03209707 -0.00529892 0.04442755
v -0.03188671 -0.00529892 0.04775482
v -0.00418209 -0.01312715 0.04402664
v -0.00373771 -0.01312715 0.04445443
v -0.03153712 -0.00100630 0.05079981
v -0.03153712 0.00100630 0.05079981
v 0.02632744 0.00110470 0.04472350
v 0.02570390 -0.00107587 0.04482236
v 0.02570390 0.00107587 0.04482236
v 0.02632744 -0.00110470 0.04472350
v 0.02733637 -0.00115136 0.04398971
v 0.02762298 -0.00115890 0.04342660
v 0.02688995 -0.00113071 0.04443658
v -0.00648019 -0.00173808 0.04101036
v 0.02163764 -0.01312715 0.04482236
v 0.02279199 0.01130266 0.04482236
v 0.02279199 -0.01130266 0.04482236
v 0.02374871 -0.00938167 0.04482236
v 0.02452408 -0.00738060 0.04482236
v 0.02511147 -0.00531653 0.04482236
v 0.02550586 -0.00321275 0.04482236
v 0.02872174 -0.00100630 0.02629904
v 0.02872174 0.00100630 0.02629904
v 0.03302675 -0.00100630 0.02559398
v -0.03123460 -0.00529892 0.02220955
v -0.03222329 -0.00529892 0.02592951
v -0.02839474 -0.00529892 0.01884721
v -0.02946757 -0.00529892 0.03099578
v -0.02946757 -0.00529892 0.03761870
v -0.03041419 -0.00529892 0.04102313
v -0.02326577 -0.00529892 0.01763425
v -0.02326577 -0.01135814 0.01963098
v -0.02326577 -0.01312715 0.03332675
v -0.02326577 -0.01312715 0.02096111
v -0.02326577 -0.01151946 0.03459298
v -0.02326577 -0.00979051 0.03568785
v -0.02326577 -0.00832853 0.01838031
v -0.02326577 -0.00795846 0.03659980
v -0.02326577 -0.00763866 0.01814089
v -0.02326577 -0.00604263 0.03731920
v -0.02326577 -0.00754650 0.01812093
v -0.02326577 -0.00406318 0.03783862
v -0.02326577 -0.00204091 0.03815241
v -0.02326577 0.00406317 0.03783862
v -0.02326577 0.00604263 0.03731920
v -0.02326577 0.00795846 0.03659980
v -0.02326577 0.00979050 0.03568785
v -0.02326577 0.01151946 0.03459298
v 0.02872174 -0.00116347 0.04280237
v 0.02872174 -0.00105771 0.02629904
v 0.02872174 0.00105771 0.02629904
v 0.02922440 -0.00100630 0.04925985
v 0.02760199 0.00100630 0.05087838
v 0.02760199 -0.00100630 0.05087838
v 0.02922440 0.00100630 0.04925985
v 0.01203216 0.00865962 0.05456071
v 0.01174233 0.01163165 0.05335522
v 0.01399882 0.00492752 0.05487360
v 0.01329012 0.00492817 0.05502501
v 0.01323434 0.00565353 0.05496528
v 0.01257713 0.00492645 0.05516681
v 0.01251938 0.00565658 0.05510691
v 0.02867617 0.00170007 0.02651010
v 0.03208426 0.00213629 0.02645681
v 0.02869577 0.00142284 0.02627697
v -0.02124577 0.01514715 0.02174518
v 0.00508350 0.01514715 0.02166630
v 0.00511927 0.01514715 0.02184614
v 0.03315953 -0.00099729 0.03991880
v 0.03032169 -0.00100630 0.04763249
v 0.03277019 -0.00100630 0.04183989
v 0.02918095 -0.00201646 0.04709669
v 0.02956369 -0.00201646 0.04649301
v 0.02594911 -0.00100630 0.05194710
v 0.01475194 -0.00201646 0.05476279
v 0.02522039 -0.00201646 0.05077781
v 0.01466271 -0.00100630 0.05624345
v 0.02583023 -0.00201646 0.05040956
v 0.02643435 -0.00201646 0.05001897
v 0.02702041 -0.00201646 0.04961395
v 0.02594911 0.00100630 0.05194710
v -0.00078240 -0.00201646 0.05580348
v -0.00005853 -0.00201646 0.05584012
v 0.00067320 -0.00201646 0.05586703
v 0.01263379 -0.00201646 0.05521752
v 0.01334076 -0.00201646 0.05508204
v 0.01466271 0.00100631 0.05624345
v 0.01405165 -0.00201646 0.05492942
v 0.02836119 -0.00201646 0.04827639
v 0.03207758 -0.00200201 0.03985244
v 0.03219527 -0.00199316 0.03914896
v 0.03193756 -0.00200983 0.04055900
v 0.00139781 -0.00201646 0.05588359
v 0.03177809 -0.00201646 0.04125420
v 0.01297221 -0.01223945 0.05275279
v 0.01248663 -0.01162326 0.05320523
v 0.01222194 -0.01226369 0.05290985
v 0.01174233 -0.01163165 0.05335522
v 0.01099178 -0.01164057 0.05349615
v 0.01146165 -0.01228066 0.05305781
v 0.01274833 -0.01098213 0.05349332
v 0.01201592 -0.01098243 0.05364635
v 0.01405149 -0.00420304 0.05492867
v 0.01399882 -0.00492752 0.05487360
v 0.02437205 -0.01157078 0.04835376
v 0.02371697 -0.01158628 0.04876627
v 0.02395945 -0.01214568 0.04815060
v 0.02304963 -0.01160120 0.04917004
v 0.02327853 -0.01218806 0.04856286
v 0.02258361 -0.01221953 0.04896826
v 0.02236965 -0.01161547 0.04956512
v 0.02188887 -0.01223945 0.04935851
v 0.02981307 -0.01043127 0.03963478
v 0.02924463 -0.01098597 0.04015664
v 0.02630134 -0.01039034 0.04761697
v 0.02633197 -0.01096898 0.04678305
v 0.02671539 -0.01040700 0.04702393
v 0.02673442 -0.01097588 0.04617625
v 0.02712147 -0.01041537 0.04641647
v 0.02713139 -0.01097978 0.04556002
v 0.02634169 -0.01153375 0.04592431
v 0.02673650 -0.01154018 0.04530580
v 0.02778377 -0.00727126 0.04809258
v 0.02792075 -0.00795093 0.04741668
v 0.02819934 -0.00727940 0.04750749
v -0.01105974 -0.01312662 0.03600762
v -0.01163432 -0.01415225 0.03522519
v -0.01182825 -0.01461813 0.03477915
v -0.01218939 -0.01468540 0.03463523
v -0.01095188 -0.01483776 0.03477244
v -0.01168184 -0.01501335 0.03415619
v -0.01173442 -0.01490834 0.03437988
v -0.01894636 -0.01498895 0.04892200
v -0.01950167 -0.01518806 0.04851565
v -0.01869409 -0.01581017 0.04792124
v -0.01963745 -0.01442081 0.04941679
v -0.02023089 -0.01461497 0.04905299
v -0.02027324 -0.01389006 0.04987068
v -0.01966947 -0.01366393 0.05020574
v -0.01904328 -0.01421607 0.04977443
v -0.02293449 -0.00201646 0.05272749
v -0.02361783 -0.00201646 0.05249539
v -0.02360540 -0.00420304 0.05247222
v -0.02225160 -0.00201646 0.05293801
v -0.02292859 -0.00420304 0.05271631
v 0.02573833 -0.00929632 0.04899958
v 0.02538524 -0.00863611 0.04953521
v 0.02511603 -0.00932057 0.04940938
v -0.00078240 -0.00420304 0.05580348
v -0.02225160 -0.00420304 0.05293801
v -0.02218127 -0.00492679 0.05289496
v -0.00079968 -0.00492193 0.05572507
v -0.02210910 -0.00565732 0.05284322
v -0.00081555 -0.00564678 0.05563389
v 0.02285148 -0.01097886 0.04976357
v 0.00082706 -0.01090739 0.05421235
v 0.00045851 -0.01139420 0.05377401
v 0.00009149 -0.01169846 0.05330277
v 0.01070690 -0.01229001 0.05319358
v 0.02503339 -0.00795431 0.05005129
v 0.02475910 -0.00864454 0.04993046
v 0.01995778 -0.01454707 0.04801313
v 0.02028083 -0.01477319 0.04742821
v 0.02043876 -0.01442925 0.04778539
v 0.02033559 -0.01402909 0.04841682
v 0.02068211 -0.01409706 0.04804583
v 0.02103609 -0.01374298 0.04823679
v 0.02088810 -0.01423913 0.04766593
v 0.02135323 -0.01395922 0.04764367
v 0.02097578 -0.01447145 0.04723882
v -0.02316690 -0.01375136 0.02140908
v -0.02287998 -0.01431448 0.03332675
v -0.02287998 -0.01431448 0.02177045
v -0.02316690 -0.01375136 0.03332675
v -0.02287998 -0.01426688 0.03365953
v -0.02243309 -0.01476136 0.03332675
v -0.02243309 -0.01469585 0.03378481
v -0.02243309 -0.01450456 0.03420617
v -0.02186998 -0.01497127 0.03386521
v -0.02186998 -0.01474639 0.03436060
v -0.02186998 -0.01439169 0.03477296
v -0.02124577 -0.01482972 0.03441372
v -0.02124577 -0.01445677 0.03484738
v -0.01255660 -0.01445677 0.03484738
v -0.02316690 -0.01365327 0.03366258
v -0.02287998 -0.01412790 0.03396570
v -0.02316690 -0.01353802 0.03379663
v -0.02316690 -0.01372634 0.03350169
v -0.02316690 -0.00820760 0.03717214
v -0.02316690 -0.01009697 0.03623163
v -0.02316690 -0.00623182 0.03791407
v -0.02316690 -0.00419041 0.03844969
v 0.03219276 -0.00420304 0.03914899
v 0.03209776 -0.00491646 0.03913791
v 0.03199017 -0.00491630 0.02874023
v 0.03198656 -0.00563488 0.03912688
v 0.03188070 -0.00563436 0.02931541
v 0.03186144 -0.00634364 0.03911614
v 0.03175469 -0.00634257 0.02968079
v -0.00893776 -0.00991106 0.03818799
v -0.00938715 -0.00969741 0.03808699
v -0.00904946 -0.00878546 0.03850697
v -0.00860149 -0.00897919 0.03861871
v -0.00874544 -0.00785536 0.03888521
v 0.02967458 -0.01042785 0.04034641
v 0.02910635 -0.01097350 0.04087378
v 0.00064191 -0.00564380 0.05569354
v 0.00062820 -0.00636339 0.05559492
v -0.00008637 -0.00564432 0.05566646
v -0.00010464 -0.00636421 0.05556767
v -0.00005851 -0.00420304 0.05583962
v -0.00007099 -0.00492390 0.05575710
v 0.02804491 -0.00861889 0.04672507
v 0.02775685 -0.00928805 0.04662856
v 0.02815598 -0.00927138 0.04602221
v 0.02763481 -0.00862324 0.04732522
v 0.02721282 -0.00862769 0.04791971
v 0.02734134 -0.00929641 0.04723287
v -0.00811273 -0.00197306 0.04018890
v -0.00833309 -0.00392167 0.03992398
v -0.02124577 -0.00224787 0.04016176
v 0.02594289 -0.01208885 0.04566041
v 0.02594037 -0.01152769 0.04653281
v 0.02554020 -0.01208301 0.04627296
v 0.02553266 -0.01152222 0.04713163
v 0.02592416 -0.01095928 0.04738075
v -0.01838547 -0.01478256 0.04932107
v 0.01228246 -0.01033296 0.05393141
v 0.01156267 -0.01032050 0.05407371
v 0.01300685 -0.01034040 0.05377430
v 0.01347614 -0.01097886 0.05333247
v 0.01322483 -0.01161546 0.05304625
v 0.02412155 -0.00865289 0.05031505
v 0.02447771 -0.00933658 0.04980841
v 0.02440653 -0.00795201 0.05043476
v 0.02530069 -0.00726574 0.05017101
v 0.02468554 -0.00725567 0.05054525
v 0.02591131 -0.00727097 0.04977601
v 0.02565036 -0.00795291 0.04965738
v 0.02625753 -0.00794804 0.04925315
v 0.02600024 -0.00862769 0.04912936
v 0.01459439 -0.00637177 0.05458364
v 0.01394465 -0.00565213 0.05481382
v 0.01388901 -0.00637685 0.05474931
v 0.02821186 -0.00506198 0.02949674
v 0.02829191 -0.00463383 0.02915921
v 0.02677719 -0.01388868 0.03184139
v 0.02370468 -0.01697193 0.03155821
v 0.02456580 -0.01388868 0.03226820
v 0.02582964 -0.00420304 0.05040868
v 0.02522039 -0.00420304 0.05077781
v -0.02932032 -0.00201646 0.04963766
v 0.03208308 -0.00420310 0.02816623
v 0.03208426 -0.00213629 0.02645681
v 0.03209170 -0.00170007 0.02592326
v -0.02316690 -0.00210487 0.03877326
v -0.02316690 -0.01188003 0.03510253
v -0.00774982 -0.00300636 0.04012396
v -0.00779636 -0.00607973 0.03964999
v -0.00824096 -0.00594832 0.03951282
v -0.00804139 -0.00497538 0.03976118
v 0.02867359 -0.01152654 0.04069286
v 0.02823350 -0.01206311 0.04050881
v -0.00968273 -0.01364717 0.03673686
v -0.00992156 -0.01411803 0.03623941
v -0.00790586 -0.00822637 0.03923343
v -0.00812984 -0.01009295 0.03884510
v -0.00820894 -0.00920091 0.03883805
v 0.02877737 -0.00201646 0.04769525
v 0.02952292 -0.01041527 0.04104789
v 0.02633468 -0.01208501 0.04504954
v 0.02517752 -0.01039034 0.04873811
v 0.02478086 -0.01098166 0.04855092
v 0.02513483 -0.01206764 0.04687473
v 0.03156207 -0.00728380 0.03908711
v 0.03145779 -0.00728499 0.03013558
v -0.01984260 -0.01229980 0.05118229
v -0.01906792 -0.01342891 0.05052058
v 0.01006743 -0.01342891 0.05237534
v 0.01958024 -0.01504978 0.04760412
v 0.02070594 -0.01350642 0.04880695
v 0.02165090 -0.01415074 0.04703970
v 0.01184587 -0.01458837 0.05113741
v 0.01111559 -0.01458453 0.05126124
v 0.01161657 -0.01511614 0.05069399
v 0.01038786 -0.01458004 0.05137134
v 0.01090243 -0.01513169 0.05080431
v 0.01017950 -0.01513664 0.05090638
v 0.00966270 -0.01457532 0.05146805
v 0.00946257 -0.01513088 0.05099806
v 0.00986571 -0.01400410 0.05193031
v 0.01059833 -0.01402281 0.05182528
v -0.02312111 -0.00822693 0.05212502
v -0.02401961 -0.00663728 0.05201733
v -0.02371031 -0.00832853 0.05176996
v -0.02253128 -0.00810700 0.05240567
v -0.02195289 -0.00797118 0.05252105
v 0.01207480 -0.01404812 0.05157816
v 0.01133465 -0.01403754 0.05170810
v 0.02457146 -0.01038291 0.04915544
v 0.02414800 -0.01098452 0.04896368
v 0.02350484 -0.01098371 0.04936787
v 0.02332450 -0.01034265 0.04994980
v 0.02394955 -0.01036691 0.04956212
v -0.00318493 -0.01425911 0.04436037
v -0.00257531 -0.01431448 0.04443658
v -0.00373771 -0.01363766 0.04437354
v -0.00318493 -0.01468516 0.04393440
v -0.00257531 -0.01476136 0.04398971
v -0.00373771 -0.01409820 0.04413894
v -0.00891503 -0.01109156 0.03791669
v -0.00941330 -0.01312715 0.03716064
v -0.00931657 -0.01200381 0.03739271
v -0.00854557 -0.01015661 0.03839879
v -0.00872971 -0.01164055 0.03805783
v -0.00691330 -0.00314186 0.04052854
v -0.00704063 -0.00418009 0.04036253
v -0.00730722 -0.00306704 0.04027664
v -0.00740293 -0.00622870 0.03988963
v -0.00761685 -0.00849244 0.03951845
v -0.00763704 -0.00723494 0.03958426
v -0.00410344 -0.01375136 0.04396674
v -0.00257531 -0.01504829 0.04342660
v -0.00257531 -0.01514715 0.04280237
v -0.00307183 -0.01504829 0.04318061
v -0.00318493 -0.01495871 0.04339749
v -0.00351975 -0.01476136 0.04352193
v -0.01006508 -0.01347443 0.03641899
v -0.01001662 -0.01380038 0.03634786
v -0.01162711 -0.01508837 0.03392317
v -0.00829875 -0.00802872 0.03900636
v -0.00847579 -0.00690898 0.03922065
v -0.00720397 -0.00520973 0.04014931
v -0.00719340 -0.00684743 0.04007429
v -0.00721618 -0.00205298 0.04039335
v -0.02102213 -0.01271886 0.05048343
v -0.02160096 -0.01291129 0.05011477
v -0.02043200 -0.01251362 0.05084170
v -0.00063821 -0.01090586 0.05415919
v -0.00099369 -0.01029430 0.05452894
v -0.02056350 -0.01097986 0.05170319
v -0.00027402 -0.01139349 0.05374768
v -0.02020186 -0.01164551 0.05144638
v 0.00118965 -0.01029677 0.05460880
v 0.01127899 -0.01097957 0.05379152
v -0.02428765 -0.00201646 0.05224640
v -0.02426820 -0.00420304 0.05221071
v -0.00760343 -0.00100678 0.04030615
v 0.02956369 -0.00420304 0.04649301
v 0.02383642 -0.00934400 0.05018852
v 0.02650492 -0.00727126 0.04936837
v -0.00743442 -0.00408045 0.04011376
v -0.00759760 -0.00508536 0.03990471
v -0.00765840 -0.00200863 0.04023781
v -0.01216614 -0.01482323 0.03444835
v -0.01211414 -0.01503054 0.03403071
v -0.01178359 -0.01477547 0.03458917
v 0.03186050 -0.00563479 0.03983360
v 0.03174090 -0.00635076 0.03982060
v 0.03172109 -0.00563557 0.04053820
v 0.03156824 -0.00563721 0.04124102
v 0.03160074 -0.00635202 0.04052871
v 0.03177809 -0.00420304 0.04125420
v 0.03183274 -0.00491935 0.04054823
v 0.03193581 -0.00420304 0.04055881
v 0.03207498 -0.00420304 0.03985225
v 0.03197181 -0.00491898 0.03984414
v -0.01084890 -0.01497402 0.03453796
v -0.00992955 -0.01505270 0.03479771
v -0.01074029 -0.01507138 0.03429063
v 0.03144278 -0.00728845 0.03979165
v 0.03114467 -0.00794952 0.03976503
v 0.03127176 -0.00794577 0.03905723
v 0.03083982 -0.00861127 0.03973596
v 0.03096720 -0.00860942 0.03902717
v 0.03052800 -0.00927376 0.03970439
v 0.03065461 -0.00926119 0.03899756
v 0.02573894 -0.00492537 0.05036755
v 0.02643376 -0.00420304 0.05001806
v 0.02634378 -0.00492385 0.04997846
v 0.02693844 -0.00492005 0.04957897
v 0.02674574 -0.00635619 0.04948064
v 0.02624899 -0.00564485 0.04993482
v 0.02614941 -0.00636624 0.04988703
v 0.02564108 -0.00564811 0.05032495
v 0.02553603 -0.00637148 0.05028073
v 0.00067322 -0.00420304 0.05586654
v 0.00065692 -0.00492366 0.05578410
v 0.00046404 -0.01029823 0.05459125
v 0.00033376 -0.01089984 0.05418968
v -0.00676736 -0.00105395 0.04071903
v -0.02416753 -0.00158263 0.05336258
v -0.00013835 -0.01089934 0.05417254
v -0.00026874 -0.01029740 0.05456446
v 0.03069901 -0.00861303 0.04044273
v 0.03054470 -0.00861469 0.04114768
v 0.03038533 -0.00927719 0.04041561
v 0.01081085 -0.01346504 0.05226873
v 0.01155969 -0.01349106 0.05214524
v 0.02702041 -0.00420304 0.04961395
v -0.00716142 -0.00102898 0.04046356
v -0.00682216 -0.00210291 0.04064755
v -0.01017121 -0.01741735 0.01651076
v -0.00586985 -0.01726801 0.01407204
v -0.00580175 -0.01727644 0.01407204
v -0.01039726 -0.01730283 0.01620104
v -0.02092011 -0.01031647 0.05194744
v -0.00082966 -0.00636275 0.05553173
v -0.02411358 -0.00581696 0.05209041
v -0.03110322 -0.00832853 0.04745528
v -0.02086687 -0.01410268 0.04952236
v -0.02418826 -0.01438774 0.04735649
v -0.02419700 -0.00499998 0.05215530
v 0.03114806 -0.00728006 0.04119720
v 0.03100509 -0.00794973 0.04047079
v 0.03130383 -0.00728720 0.04049984
v 0.02334515 -0.01714124 0.03150647
v 0.02127806 -0.01514715 0.03169256
v 0.02297087 -0.01729073 0.03145002
v 0.01229867 -0.01350642 0.05200730
v 0.03193543 -0.00527533 0.02902782
v 0.03022952 -0.00927139 0.04111668
v 0.02691795 -0.00929631 0.04782278
v 0.02751127 -0.01041527 0.04580701
v 0.02984478 -0.01042533 0.03135086
v 0.02940831 -0.01100151 0.03144610
v 0.02895781 -0.01157620 0.03153829
v 0.02857852 -0.01213490 0.03821706
v 0.02850254 -0.01213766 0.03162556
v -0.02283874 -0.01076582 0.05107763
v -0.02220742 -0.01062380 0.05138457
v 0.02491816 -0.00637177 0.05065373
v -0.01062238 -0.01716764 0.01589946
v -0.00714730 -0.01696490 0.01407204
v -0.00664492 -0.01710222 0.01407204
v -0.00647847 -0.01712571 0.01407204
v -0.02875043 -0.00832853 0.03115594
v -0.02875043 -0.00832853 0.03759720
v -0.00978715 -0.01441488 0.03608608
v -0.00961713 -0.01467463 0.03589206
v -0.01024288 -0.01475933 0.03528536
v -0.01080699 -0.01381876 0.03576965
v -0.01060304 -0.01341458 0.03605570
v -0.00920302 -0.01503280 0.03541941
v -0.00941903 -0.01488353 0.03566591
v -0.00970788 -0.01171141 0.03720174
v -0.00930679 -0.01082244 0.03771529
v -0.01057731 -0.01402642 0.03580594
v -0.01048968 -0.01429714 0.03566944
v -0.00933466 -0.01375136 0.03710074
v 0.01943040 -0.01699100 0.04453266
v 0.00968668 -0.01699452 0.04884218
v -0.01719551 -0.01512144 0.04929237
v -0.01455150 -0.01701807 0.04735587
v 0.01110891 -0.01698659 0.04858000
v 0.00499317 -0.01514715 0.02149730
v 0.00489130 -0.01741735 0.02134484
v 0.00499711 -0.01741735 0.02150320
v 0.00489130 -0.01514715 0.02134484
v 0.00420626 -0.01741735 0.02113427
v 0.00432562 -0.01514715 0.02111053
v 0.00419930 -0.01514715 0.02113566
v 0.00432562 -0.01741735 0.02111053
v -0.01578638 -0.01732795 0.02176394
v -0.01413892 -0.01709590 0.01906095
v -0.01367959 -0.01726993 0.01907925
v -0.01535266 -0.01741735 0.02189059
v -0.01324362 -0.01741735 0.01913916
v -0.01084195 -0.01701455 0.01561221
v 0.02378525 -0.01404687 0.04479245
v 0.02408101 -0.01398740 0.04445998
v 0.02335055 -0.01698072 0.03717883
v 0.02362279 -0.01697462 0.03567553
v 0.02349569 -0.01697727 0.03643539
v -0.00803023 -0.00706154 0.03935041
v -0.01779090 -0.01724158 0.02431948
v -0.01827449 -0.01713382 0.02428705
v -0.01669036 -0.01710294 0.02157138
v -0.01762168 -0.01733918 0.04373861
v -0.01730740 -0.01733674 0.02436393
v -0.01714739 -0.01741735 0.04364478
v -0.01810557 -0.01724690 0.04383725
v -0.01858916 -0.01714240 0.04393869
v -0.02735356 -0.01135813 0.03755530
v -0.02480928 -0.01438774 0.03747900
v -0.02822364 -0.01135813 0.04068445
v -0.02967109 -0.00832853 0.04090824
v -0.03130781 -0.00832853 0.04421927
v -0.02977045 -0.01135813 0.04381360
v -0.02156349 -0.01047299 0.05167649
v -0.02626147 -0.01438774 0.02481533
v -0.02392760 -0.01438774 0.02205205
v -0.01826044 -0.01514715 0.02120781
v -0.01461222 -0.01689883 0.01908463
v -0.01758241 -0.01514715 0.02046723
v 0.02372933 -0.01697272 0.03491486
v -0.00925012 -0.01597142 0.01434063
v -0.01162290 -0.01597142 0.01475254
v -0.01654916 -0.01514715 0.01948977
v -0.00151819 -0.01514715 0.02921331
v -0.00143213 -0.01741735 0.02912726
v -0.00151819 -0.01741735 0.02921331
v -0.00142712 -0.01514715 0.02912225
v -0.01623534 -0.01722243 0.02165681
v -0.01037720 -0.01454519 0.03549446
v 0.00030385 -0.01514715 0.01407204
v -0.00770293 -0.01669037 0.01407204
v -0.00770293 -0.01514715 0.01407204
v -0.00740070 -0.01692480 0.01407204
v -0.00535747 -0.01736411 0.01407204
v -0.00535747 -0.01941735 0.01407204
v 0.00030385 -0.01941723 0.01407204
v 0.00010455 -0.01136447 0.05378957
v -0.01683390 -0.01741735 0.02441949
v 0.02844326 -0.00861470 0.04611920
v 0.02750342 -0.00794804 0.04801022
v 0.02832737 -0.00795033 0.04681762
v -0.02280672 -0.01438774 0.02180970
v -0.02243309 -0.01476136 0.02186322
v -0.02186998 -0.01504829 0.03332675
v -0.02124577 -0.01506617 0.03389294
v -0.00662357 -0.00345851 0.04082209
v -0.00686174 -0.00516651 0.04050958
v -0.01656230 -0.01719843 0.04622538
v -0.01709645 -0.01732482 0.04524624
v -0.01627514 -0.01731695 0.04589755
v -0.01666756 -0.01741735 0.04503412
v -0.01599953 -0.01741735 0.04556354
v 0.02154039 -0.01714356 0.04108372
v 0.02300118 -0.01714667 0.03701652
v 0.02119878 -0.01729178 0.04087816
v 0.02263775 -0.01729321 0.03685834
v 0.02085054 -0.01741735 0.04067790
v 0.02226771 -0.01741735 0.03670751
v -0.01798416 -0.01709189 0.04564415
v -0.01685514 -0.01706421 0.04654030
v 0.00892212 -0.01715941 0.04856656
v 0.00887704 -0.01729905 0.04818625
v 0.00954074 -0.01729714 0.04809541
v 0.00897078 -0.01700127 0.04893273
v 0.00961393 -0.01715523 0.04847534
v -0.01559497 -0.01731212 0.04616639
v -0.01585023 -0.01718791 0.04651001
v -0.01611725 -0.01704725 0.04683888
v -0.01819938 -0.01559442 0.04838525
v -0.01769642 -0.01536328 0.04884543
v -0.01322925 -0.01514715 0.01503140
v -0.01325984 -0.01514715 0.01506103
v -0.02679740 -0.01438774 0.04580916
v -0.02697027 -0.01438774 0.04307469
v -0.02480928 -0.01438774 0.03203609
v -0.02707401 -0.01438774 0.02787250
v 0.01372100 -0.01034266 0.05360555
v -0.02186998 -0.01504829 0.02184461
v -0.02124577 -0.01514715 0.03332675
v -0.01255660 -0.01514715 0.03332675
v -0.01185874 -0.01514715 0.03338383
v -0.01118064 -0.01514715 0.03354342
v -0.00989956 -0.01514715 0.03410208
v -0.00931428 -0.01514715 0.03447759
v -0.00826017 -0.01514715 0.03540029
v -0.00780653 -0.01514715 0.03593641
v -0.00387522 -0.01431448 0.04379283
v -0.01753833 -0.01721559 0.04545097
v 0.01365180 -0.01514715 0.01868327
v 0.00527672 -0.01941735 0.01459980
v 0.00527656 -0.01515230 0.01459947
v 0.01365195 -0.01941220 0.01868360
v 0.00412078 -0.01941688 0.01434256
v 0.00412078 -0.01514715 0.01434256
v 0.01786520 -0.01730284 0.04470237
v 0.01766132 -0.01741735 0.04435113
v 0.01841547 -0.01729953 0.04431197
v 0.01806802 -0.01716767 0.04505092
v 0.01863782 -0.01716046 0.04464651
v 0.01826564 -0.01701460 0.04538964
v 0.01885160 -0.01700298 0.04497357
v 0.01818911 -0.01741735 0.04397682
v 0.01898647 -0.01729613 0.04387795
v 0.01921325 -0.01715304 0.04420866
v 0.01875469 -0.01741735 0.04354729
v 0.01951396 -0.01729264 0.04344918
v 0.01975858 -0.01714543 0.04376489
v 0.01999047 -0.01697873 0.04407635
v 0.00883647 -0.01741735 0.04779958
v 0.00946859 -0.01741735 0.04771014
v -0.02082428 -0.01181985 0.05112979
v -0.02120151 -0.01113960 0.05140803
v -0.01781832 -0.01456945 0.04971324
v -0.02183532 -0.01129051 0.05110271
v -0.02246591 -0.01143215 0.05078758
v 0.02076165 -0.01698250 0.04318498
v -0.01482974 -0.01730779 0.04642965
v -0.01535669 -0.01741735 0.04581494
v -0.01507995 -0.01717846 0.04677860
v -0.01534392 -0.01703200 0.04711249
v -0.01408007 -0.01730383 0.04665236
v -0.01459842 -0.01741735 0.04607285
v -0.01430644 -0.01716982 0.04701208
v 0.01926160 -0.01741735 0.04313567
v 0.02014632 -0.01729372 0.04270770
v 0.02045939 -0.01714777 0.04294917
v 0.01089451 -0.01729488 0.04783452
v 0.01078111 -0.01741735 0.04745271
v 0.01100452 -0.01715031 0.04821287
v -0.01387701 -0.01741735 0.04628402
v 0.01040423 -0.01698985 0.04872355
v 0.02330316 -0.01413827 0.04532821
v 0.02358912 -0.01408557 0.04501211
v -0.00869840 -0.00584436 0.03948497
v -0.00920569 -0.00771992 0.03887514
v -0.02124577 -0.00447492 0.03981620
v 0.00463176 -0.01741735 0.02117143
v 0.00463176 -0.01514715 0.02117143
v 0.00393822 -0.01514715 0.02121485
v 0.00393508 -0.01741735 0.02121653
v 0.00407849 -0.01514715 0.02117231
v 0.00383389 -0.01741735 0.02128414
v 0.00383114 -0.01514715 0.02128640
v 0.00370148 -0.01514715 0.02141606
v 0.00369923 -0.01741735 0.02141881
v 0.00363162 -0.01741735 0.02152000
v 0.00362994 -0.01514715 0.02152314
v 0.00355874 -0.01741735 0.02169595
v 0.00355977 -0.01514715 0.02169254
v 0.00353499 -0.01741735 0.02181531
v 0.00353464 -0.01514715 0.02181885
v 0.00353499 -0.01741735 0.02200575
v 0.00353464 -0.01514715 0.02200221
v 0.00355874 -0.01741735 0.02212511
v 0.00355977 -0.01514715 0.02212852
v -0.00265832 -0.01514715 0.02816074
v -0.00272952 -0.01741735 0.02833355
v -0.00265664 -0.01741735 0.02815761
v -0.00272849 -0.01514715 0.02833015
v -0.00275326 -0.01741735 0.02845292
v -0.00275361 -0.01514715 0.02845646
v -0.00275326 -0.01741735 0.02864336
v -0.00275361 -0.01514715 0.02863982
v -0.02186998 -0.00223775 0.04006346
v -0.02243309 -0.00439629 0.03943847
v -0.02243309 -0.00220835 0.03977805
v -0.02186998 -0.00445477 0.03971937
v -0.00787753 -0.00399215 0.03996508
v -0.02287998 -0.00216257 0.03933355
v -0.02287998 -0.00430519 0.03900097
v -0.02287998 -0.00640248 0.03845068
v -0.02287998 -0.00843235 0.03768844
v -0.02287998 -0.01037343 0.03672222
v -0.02243309 -0.00861070 0.03809822
v -0.00985089 -0.00953323 0.03809965
v 0.03055881 -0.00926133 0.03103991
v 0.03086893 -0.00861009 0.03074439
v -0.01844674 -0.01400140 0.05012546
v -0.02144032 -0.01198878 0.05080251
v -0.00272952 -0.01741735 0.02876272
v -0.00272849 -0.01514715 0.02876613
v -0.00265664 -0.01741735 0.02893867
v -0.00265832 -0.01514715 0.02893553
v -0.00258903 -0.01741735 0.02903986
v -0.00258677 -0.01514715 0.02904261
v -0.02735356 -0.01135813 0.03146789
v -0.02988646 -0.01135813 0.02681127
v -0.00975778 -0.01058934 0.03762600
v -0.00245436 -0.01741735 0.02917453
v -0.00245711 -0.01514715 0.02917227
v -0.00235004 -0.01514715 0.02924382
v -0.00235317 -0.01741735 0.02924214
v -0.00217722 -0.01741735 0.02931502
v -0.00218063 -0.01514715 0.02931399
v 0.00429832 -0.01514715 0.02269516
v 0.00448169 -0.01741735 0.02269516
v 0.00429124 -0.01741735 0.02269516
v 0.00448169 -0.01514715 0.02269516
v -0.00373771 -0.01446367 0.04377339
v -0.00125236 -0.01741735 0.02890821
v -0.00125404 -0.01514715 0.02891135
v -0.00120579 -0.01741735 0.02879577
v -0.00120476 -0.01514715 0.02879237
v -0.00116864 -0.01741735 0.02860899
v -0.00116898 -0.01514715 0.02861253
v -0.00116864 -0.01741735 0.02848729
v -0.00116898 -0.01514715 0.02848375
v -0.02243309 -0.00653792 0.03887664
v -0.02186998 -0.00662487 0.03915000
v -0.02124577 -0.00665484 0.03924426
v -0.00139696 -0.01741735 0.02798245
v -0.00165649 -0.01514715 0.02780903
v -0.00165649 -0.01741735 0.02780903
v -0.00139696 -0.01514715 0.02798245
v -0.00196264 -0.01514715 0.02774814
v -0.00196264 -0.01741735 0.02774814
v -0.00245436 -0.01741735 0.02792175
v -0.00235004 -0.01514715 0.02785246
v -0.00245711 -0.01514715 0.02792401
v -0.00235317 -0.01741735 0.02785414
v -0.00258903 -0.01741735 0.02805642
v -0.00258677 -0.01514715 0.02805367
v 0.02684626 -0.00564269 0.04953425
v -0.01119722 -0.01424188 0.03533122
v -0.01104594 -0.01466623 0.03498670
v -0.01112837 -0.01446517 0.03517437
v -0.01009160 -0.01493045 0.03504993
v -0.00198993 -0.01514715 0.02933276
v -0.00180657 -0.01741735 0.02933276
v -0.00199702 -0.01741735 0.02933276
v -0.00180657 -0.01514715 0.02933276
v 0.03085298 -0.00794637 0.04117470
v -0.00120579 -0.01741735 0.02830050
v -0.00120476 -0.01514715 0.02830391
v -0.00129509 -0.01514715 0.02813491
v -0.00129115 -0.01741735 0.02814080
v 0.03246287 -0.00142284 0.02564340
v 0.01446195 -0.00725567 0.05443705
v 0.02872336 -0.00794637 0.04621290
v 0.02899055 -0.00728006 0.04630137
v 0.03144383 -0.00634739 0.04122599
v 0.02804855 -0.00635619 0.04818097
v 0.03168043 -0.00491753 0.04125049
v 0.01475194 -0.00420304 0.05476279
v 0.00508350 -0.01514715 0.02166630
v 0.00508247 -0.01741735 0.02166289
v 0.00511927 -0.01514715 0.02184614
v 0.00511962 -0.01741735 0.02184968
v 0.00511927 -0.01514715 0.02197492
v 0.00511962 -0.01741735 0.02197138
v -0.02636747 -0.01135814 0.02030162
v -0.02770703 -0.00832853 0.01934059
v -0.02897771 -0.01135813 0.02339210
v -0.03046899 -0.00832853 0.02261071
v 0.00127177 -0.00832853 0.05511082
v 0.01024186 -0.01729580 0.04797299
v 0.01016002 -0.01741735 0.04758677
v -0.03143056 -0.00832853 0.02622863
v 0.00363162 -0.01741735 0.02230106
v 0.00362994 -0.01514715 0.02229792
v 0.00369923 -0.01741735 0.02240225
v 0.00370148 -0.01514715 0.02240501
v 0.00508350 -0.01514715 0.02215476
v 0.00508247 -0.01741735 0.02215817
v -0.00208200 -0.01741735 0.02777188
v -0.00208895 -0.01514715 0.02777326
v 0.00486113 -0.01514715 0.02248464
v 0.00477007 -0.01741735 0.02257571
v 0.00477007 -0.01514715 0.02257571
v 0.00485613 -0.01741735 0.02248965
v -0.02957710 -0.01135813 0.04687186
v -0.02205050 -0.01215223 0.05046447
v 0.01373622 -0.01514715 0.01988520
v 0.01369177 -0.01941635 0.02011780
v 0.01373638 -0.01941735 0.01988553
v 0.01369503 -0.01742204 0.02010985
v 0.01352966 -0.01741549 0.02096073
v 0.01191535 -0.01514715 0.02936588
v 0.01191550 -0.01741735 0.02936578
v 0.01449028 -0.01741723 0.03329777
v 0.01449044 -0.01514715 0.03329759
v 0.02119831 -0.01714501 0.04171110
v 0.02050586 -0.01729306 0.04211912
v 0.02086797 -0.01729245 0.04148950
v 0.02083147 -0.01714635 0.04234438
v 0.02114487 -0.01698021 0.04256688
v 0.02326600 -0.01714289 0.03553294
v 0.02277233 -0.01729223 0.03615005
v 0.02289485 -0.01729147 0.03539871
v 0.02314121 -0.01714453 0.03628903
v 0.02299446 -0.01729093 0.03467112
v 0.02251692 -0.01741735 0.03527556
v 0.02261276 -0.01741735 0.03456856
v 0.02336920 -0.01714171 0.03478735
v 0.00139781 -0.00401646 0.05588359
v 0.00383389 -0.01741735 0.02253692
v 0.00383114 -0.01514715 0.02253466
v 0.00393822 -0.01514715 0.02260621
v 0.00393508 -0.01741735 0.02260453
v 0.00411103 -0.01741735 0.02267741
v 0.00410762 -0.01514715 0.02267638
v 0.00503590 -0.01741735 0.02227060
v 0.00503422 -0.01514715 0.02227375
v -0.00876502 -0.01514715 0.03491240
v 0.02937453 -0.00563721 0.04643086
v 0.02186841 -0.01697570 0.04129035
v 0.02258951 -0.01741735 0.03139000
v -0.01052209 -0.01514715 0.03378782
v 0.02239657 -0.01741735 0.03602127
v 0.02860436 -0.00728235 0.04690634
v 0.02826660 -0.00492005 0.04825397
v 0.02695937 -0.00926133 0.03165120
v 0.02743933 -0.00802265 0.03110030
v 0.02746092 -0.00794678 0.03106683
v 0.03117066 -0.00794678 0.03044088
v 0.02791743 -0.00634257 0.03032369
v 0.02807778 -0.00577908 0.03002498
v 0.02810474 -0.00563488 0.02994947
v 0.02867617 -0.00170007 0.02651010
v 0.02869577 -0.00142284 0.02627697
v 0.02555664 -0.01228574 0.03214885
v 0.02563039 -0.01213766 0.03214019
v 0.02764926 -0.00728496 0.03077475
v 0.02835437 -0.00420310 0.02879470
v 0.02591002 -0.01157620 0.03207626
v 0.02619623 -0.01100151 0.03200590
v 0.02447026 -0.01223763 0.04342660
v 0.02456513 -0.01388826 0.04280237
v 0.02324692 -0.01421300 0.04342660
v 0.02555664 -0.01228574 0.04280237
v 0.02432848 -0.01426889 0.04280237
v 0.02650839 -0.01042547 0.03192570
v 0.02659655 -0.01019773 0.03189042
v 0.02163764 -0.01375136 0.04472350
v 0.02163764 -0.01431448 0.04443658
v 0.02163764 -0.01476136 0.04398971
v 0.02163764 -0.01504829 0.04342660
v 0.02387931 -0.01473923 0.04280237
v 0.02433634 -0.01426889 0.03215059
v 0.02387931 -0.01473923 0.03198397
v 0.02807778 -0.00577907 0.04280237
v 0.02813181 -0.00549013 0.02983427
v 0.02850648 -0.00348616 0.04280237
v 0.02859262 -0.00256027 0.02740441
v 0.02863192 -0.00213629 0.02704855
v 0.02743933 -0.00802265 0.04280237
v 0.02650839 -0.01037474 0.04280237
v 0.02659655 -0.01019773 0.04280237
v 0.02619623 -0.01100151 0.04280237
v 0.02591002 -0.01157620 0.04280237
v 0.02563039 -0.01213766 0.04280237
v 0.02263764 -0.01514715 0.04280237
v 0.02330398 -0.01504245 0.03184233
v 0.02263764 -0.01514715 0.03173640
v 0.02330398 -0.01504245 0.04280237
v 0.02053198 -0.01741735 0.04127063
v 0.02151622 -0.01697804 0.04193092
v 0.01982884 -0.01741735 0.04246553
v 0.03033306 -0.00963047 0.03119848
v 0.02681756 -0.00962769 0.03180582
v -0.02124577 -0.01514715 0.02174518
v 0.02267536 -0.01570096 0.04290715
v 0.02287298 -0.01521644 0.04368111
v 0.02328465 -0.01413984 0.04535224
v 0.02327264 -0.01417237 0.04530247
v 0.02260654 -0.01587086 0.04263660
v 0.02242067 -0.01631656 0.04191750
v 0.02287931 -0.01466032 0.04330054
v -0.00676001 -0.01741739 0.01487484
v 0.00641275 -0.01941757 0.01682254
v 0.00322395 -0.01741795 0.01601822
v 0.00322377 -0.01941794 0.01601984
v 0.00641292 -0.01741758 0.01682092
v 0.02259122 -0.01618421 0.04189872
v 0.02300522 -0.01710414 0.04225616
v 0.02639816 -0.01322984 0.04147951
v 0.02693078 -0.01394746 0.04178808
v 0.02389422 -0.01496116 0.04570540
v 0.02626724 -0.00558841 0.04443658
v 0.02607355 -0.00790003 0.04398971
v 0.02564983 -0.00775799 0.04443658
v 0.02670225 -0.00569073 0.04398971
v 0.02524365 -0.01004187 0.04398971
v 0.02483484 -0.00986133 0.04443658
v 0.02421962 -0.01209799 0.04398971
v 0.02550610 -0.01015778 0.04342660
v 0.02230398 -0.01371901 0.04462397
v 0.02301023 -0.01405084 0.04398971
v 0.02230398 -0.01467666 0.04392826
v 0.02287931 -0.01443135 0.04374998
v 0.02230398 -0.01494872 0.04339427
v 0.02998459 -0.01019773 0.03130722
v 0.02668179 -0.00337681 0.04443658
v 0.02612408 -0.00329329 0.04472350
v 0.02571909 -0.00545946 0.04472350
v 0.02511591 -0.00757901 0.04472350
v 0.02431973 -0.00963384 0.04472350
v 0.02740856 -0.00347250 0.04342660
v 0.02698155 -0.00575643 0.04342660
v 0.02634558 -0.00799122 0.04342660
v -0.00652534 -0.01741744 0.01563470
v -0.00676006 -0.01941737 0.01539052
v -0.00652544 -0.01941740 0.01563459
v -0.00675996 -0.01741741 0.01539062
v 0.02712439 -0.00343856 0.04398971
v 0.02654906 -0.01450579 0.04223335
v 0.02350031 -0.01695740 0.04259688
v 0.02419074 -0.01529307 0.04527571
v 0.02541250 -0.01445431 0.04374674
v 0.02298144 -0.01494044 0.04411476
v 0.02313091 -0.01455587 0.04471600
v 0.02426672 -0.01394683 0.04424764
v 0.02456622 -0.01388119 0.04390495
v 0.02017470 -0.01741735 0.04189571
v 0.01379897 -0.00725774 0.05457865
v 0.02382923 -0.01188050 0.04443658
v 0.02333731 -0.01160644 0.04472350
v 0.02217704 -0.01347997 0.04472350
v 0.01032382 -0.01715233 0.04835451
v 0.01343783 -0.01742110 0.02023847
v 0.01343456 -0.01941542 0.02024642
v -0.00676006 -0.01941735 0.01487474
v 0.02473756 -0.01383981 0.04370471
v -0.00481447 -0.02532029 0.04151298
v -0.00574806 -0.02534121 0.04306467
v -0.00590440 -0.02591723 0.04337312
v -0.00691815 -0.02573931 0.04466493
v -0.00647219 -0.02610988 0.04415025
v 0.00342501 -0.01755673 0.02137788
v -0.01142224 -0.01746285 0.02113136
v 0.00332011 -0.01755146 0.02163112
v 0.00259567 -0.02141974 0.02236875
v 0.00277549 -0.02141974 0.02280288
v 0.00259567 -0.02279237 0.02236875
v 0.00277549 -0.02278554 0.02280288
v 0.00460610 -0.01757560 0.02088865
v 0.00460610 -0.02141974 0.02088865
v 0.00485934 -0.01757606 0.02099355
v 0.00485934 -0.02141974 0.02099355
v 0.00524366 -0.01757290 0.02137788
v 0.00507680 -0.01757514 0.02116041
v 0.00524366 -0.02141974 0.02137788
v 0.00507680 -0.02141974 0.02116041
v 0.00534856 -0.01756949 0.02163112
v 0.00534856 -0.02141974 0.02163112
v 0.00343434 -0.02277198 0.02346172
v 0.00343434 -0.02141974 0.02346172
v 0.00386846 -0.02276616 0.02364154
v 0.00386846 -0.02141974 0.02364154
v 0.00607300 -0.02141974 0.02143700
v 0.00589318 -0.02141974 0.02100288
v 0.00607300 -0.02277487 0.02143700
v 0.00589318 -0.02278169 0.02100288
v -0.01140287 -0.02260947 0.02075924
v -0.00299933 -0.02278757 0.02293123
v -0.01225551 -0.02268177 0.02139141
v -0.01199211 -0.02271718 0.02196683
v 0.00306154 -0.02277859 0.02317567
v 0.00306154 -0.02141974 0.02317567
v 0.00978640 -0.01863033 0.03692390
v 0.00960872 -0.01801831 0.03714438
v 0.00968072 -0.01899952 0.03741361
v -0.00551852 -0.02478022 0.04232456
v -0.00656530 -0.02517563 0.04395683
v 0.00306154 -0.02141974 0.02063008
v 0.00277549 -0.02141974 0.02100288
v 0.00306154 -0.02280982 0.02063008
v 0.00277549 -0.02280763 0.02100288
v -0.00608244 -0.02456916 0.04202373
v -0.00526144 -0.02439535 0.04117448
v -0.00473466 -0.02441645 0.04061325
v -0.00647458 -0.02476829 0.04307993
v -0.00468304 -0.02491983 0.02909079
v -0.00452479 -0.02491983 0.02961245
v -0.00468304 -0.02605593 0.02909078
v -0.00452479 -0.02605593 0.02961244
v 0.00535796 -0.02282757 0.01792356
v 0.00100442 -0.02280589 0.02188798
v 0.00037113 -0.02661199 0.02403416
v -0.00006386 -0.02648169 0.02360900
v 0.00106976 -0.02649731 0.02423819
v 0.00015388 -0.02581603 0.02334197
v -0.01190742 -0.01741868 0.02207853
v -0.01034393 -0.01726050 0.03783758
v 0.00380934 -0.01756672 0.02099355
v 0.00406258 -0.01757077 0.02088865
v 0.00607300 -0.02141974 0.02236875
v 0.00613434 -0.02141974 0.02190288
v 0.00607300 -0.02276343 0.02236875
v 0.00613434 -0.02276343 0.02190288
v -0.01156726 -0.02219111 0.02024229
v -0.01252611 -0.02250385 0.02082814
v -0.00264923 -0.02673942 0.03127457
v -0.00263472 -0.02674163 0.03123422
v -0.00249817 -0.02675361 0.03127564
v -0.00334007 -0.01750250 0.02194634
v 0.00328434 -0.01754649 0.02190288
v 0.00332011 -0.01754215 0.02217464
v 0.00342501 -0.01753875 0.02242788
v 0.00359187 -0.01753651 0.02264534
v 0.00343434 -0.02141974 0.02034403
v 0.00343434 -0.02281023 0.02034403
v 0.00386846 -0.02141974 0.02016421
v 0.00386846 -0.02280882 0.02016421
v 0.00433434 -0.02141974 0.02010288
v 0.00433434 -0.02280570 0.02010288
v 0.00480021 -0.02141974 0.02016421
v 0.00523434 -0.02141974 0.02034403
v 0.00560713 -0.02141974 0.02063008
v 0.00433434 -0.02141974 0.02085288
v 0.00406258 -0.02141974 0.02088865
v 0.00380934 -0.02141974 0.02099355
v 0.00359187 -0.02141974 0.02116041
v 0.00259567 -0.02141974 0.02143700
v 0.00342501 -0.02141974 0.02137788
v 0.00332011 -0.02141974 0.02163112
v 0.00253434 -0.02141974 0.02190288
v 0.00328434 -0.02141974 0.02190288
v 0.00332011 -0.02141974 0.02217464
v 0.00342501 -0.02141974 0.02242788
v 0.00359187 -0.02141974 0.02264534
v 0.00380934 -0.02141974 0.02281220
v 0.00406258 -0.02141974 0.02291710
v 0.00433434 -0.02141974 0.02295288
v 0.00538434 -0.02141974 0.02190288
v 0.00534856 -0.02141974 0.02217464
v 0.00524366 -0.02141974 0.02242788
v 0.00589318 -0.02141974 0.02280288
v 0.00507680 -0.02141974 0.02264534
v 0.00485934 -0.02141974 0.02281220
v 0.00560713 -0.02141974 0.02317567
v 0.00460610 -0.02141974 0.02291710
v 0.00523434 -0.02141974 0.02346172
v 0.00480021 -0.02141974 0.02364154
v 0.00433434 -0.02141974 0.02370288
v 0.00480021 -0.02280107 0.02016421
v -0.00738802 -0.02533406 0.04483570
v 0.00629953 -0.01764149 0.01792004
v 0.00433434 -0.01757560 0.02085814
v 0.00560713 -0.02275741 0.02317567
v 0.00877444 -0.02252982 0.03564871
v 0.00523434 -0.02275700 0.02346172
v 0.00480021 -0.02275841 0.02364154
v 0.00589318 -0.02275961 0.02280288
v 0.00615457 -0.02282417 0.01823308
v 0.00560713 -0.02278864 0.02063008
v 0.00523434 -0.02279525 0.02034403
v -0.01114716 -0.01824737 0.03879233
v -0.01131346 -0.01789624 0.03847219
v -0.01146718 -0.01887661 0.03852142
v -0.01163825 -0.01828540 0.03792621
v 0.00225148 -0.02279026 0.02468302
v 0.00433434 -0.02276153 0.02370288
v 0.00259567 -0.02280380 0.02143700
v 0.00253434 -0.02279859 0.02190288
v -0.01147100 -0.02082147 0.03855587
v -0.01110866 -0.01886559 0.03887416
v -0.00622120 -0.02677012 0.02743294
v -0.00426783 -0.02676100 0.02700331
v -0.00452479 -0.02675641 0.02748408
v -0.00518360 -0.02676171 0.02544095
v -0.01105853 -0.02082733 0.03894158
v 0.00981084 -0.02088487 0.03677221
v 0.00974992 -0.01845247 0.03643586
v 0.00965503 -0.01857871 0.03526331
v 0.00375489 -0.02274662 0.02833626
v 0.00362608 -0.02275986 0.02734335
v 0.00345061 -0.02276796 0.02670105
v 0.00302557 -0.02277899 0.02575864
v 0.00276057 -0.02278388 0.02531643
v 0.00882301 -0.02252633 0.03583999
v 0.00035653 -0.02672988 0.02700331
v 0.00224755 -0.02672792 0.02641322
v 0.00061349 -0.02674294 0.02748408
v 0.00061349 -0.02491983 0.02748409
v 0.00035653 -0.02491983 0.02700332
v -0.00452479 -0.02491983 0.02748409
v -0.00468304 -0.02491983 0.02800575
v -0.00468304 -0.02675849 0.02800573
v 0.00936249 -0.01832879 0.03773613
v 0.00933412 -0.01898301 0.03782423
v 0.00805387 -0.01791978 0.03787531
v 0.00870183 -0.01844263 0.03801019
v 0.00887516 -0.01797676 0.03781368
v 0.00531135 -0.02241588 0.01739588
v 0.00581065 -0.02254051 0.01744380
v 0.00697581 -0.02272356 0.01904042
v 0.00359187 -0.01756672 0.02116041
v 0.00858322 -0.02244592 0.03732915
v 0.00917557 -0.02231085 0.03729124
v 0.00883136 -0.02213097 0.03773834
v 0.00886908 -0.02250040 0.03684159
v -0.00195565 -0.02491977 0.02576742
v -0.00141313 -0.02491977 0.02582088
v -0.00249817 -0.02491977 0.02582088
v -0.00301983 -0.02491977 0.02597913
v -0.00089147 -0.02491977 0.02597913
v -0.00350060 -0.02491977 0.02623609
v -0.00041070 -0.02491977 0.02623609
v -0.00392201 -0.02491977 0.02658191
v 0.00001071 -0.02491977 0.02658191
v -0.00426783 -0.02491983 0.02700332
v -0.00195565 -0.02491980 0.02749045
v -0.00222741 -0.02491980 0.02752623
v -0.00248065 -0.02491981 0.02763113
v -0.00269811 -0.02491981 0.02779799
v -0.00286498 -0.02491981 0.02801545
v -0.00473651 -0.02491983 0.02854827
v -0.00296987 -0.02491981 0.02826869
v -0.00300565 -0.02491982 0.02854045
v -0.00296987 -0.02491982 0.02881221
v -0.00286498 -0.02491982 0.02906545
v -0.00269811 -0.02491982 0.02928291
v -0.00248065 -0.02491982 0.02944978
v -0.00222741 -0.02491983 0.02955467
v -0.00195565 -0.02491983 0.02959045
v 0.00077174 -0.02491983 0.02800575
v -0.00168389 -0.02491980 0.02752623
v -0.00143065 -0.02491981 0.02763113
v -0.00121319 -0.02491981 0.02779799
v -0.00104633 -0.02491981 0.02801545
v 0.00082520 -0.02491983 0.02854827
v -0.00094143 -0.02491981 0.02826869
v -0.00090565 -0.02491982 0.02854045
v -0.00094143 -0.02491982 0.02881221
v 0.00077174 -0.02491983 0.02909079
v -0.00104633 -0.02491982 0.02906545
v -0.00121319 -0.02491982 0.02928291
v 0.00061349 -0.02491983 0.02961245
v -0.00143065 -0.02491982 0.02944978
v -0.00168389 -0.02491983 0.02955467
v -0.00426783 -0.02491983 0.03009322
v 0.00035653 -0.02491983 0.03009322
v -0.00392201 -0.02491983 0.03051463
v 0.00001071 -0.02491983 0.03051463
v -0.00350060 -0.02491983 0.03086045
v -0.00041070 -0.02491983 0.03086045
v -0.00301983 -0.02491983 0.03111741
v -0.00089147 -0.02491983 0.03111741
v -0.00249817 -0.02491983 0.03127566
v -0.00141313 -0.02491983 0.03127566
v -0.00195565 -0.02491983 0.03132913
v -0.00016650 -0.02469439 0.03397413
v -0.00064387 -0.02500665 0.03410627
v 0.00021151 -0.02589089 0.03371759
v 0.00060443 -0.02458841 0.03365768
v -0.00252897 -0.02676106 0.02408762
v 0.00118074 -0.02669060 0.02480890
v -0.00089147 -0.02674616 0.02597912
v -0.00041070 -0.02674276 0.02623607
v -0.00301983 -0.02675760 0.02597912
v -0.00652113 -0.02673614 0.02837448
v -0.00594326 -0.02675116 0.02857348
v -0.00473025 -0.02675718 0.02904995
v -0.00473651 -0.02676547 0.02854814
v -0.00468429 -0.02675694 0.02907824
v 0.00001071 -0.02673936 0.02658190
v -0.00141313 -0.02675939 0.03127564
v -0.00089147 -0.02676302 0.03111740
v -0.00175814 -0.02673954 0.03320171
v -0.00041070 -0.02676547 0.03086044
v 0.00001071 -0.02675623 0.03051461
v 0.00130585 -0.02675742 0.03168900
v 0.00035653 -0.02674902 0.03009321
v -0.00350060 -0.02675933 0.02623607
v 0.00077174 -0.02674699 0.02909078
v 0.00259033 -0.02675611 0.02833621
v 0.00061349 -0.02674586 0.02961244
v 0.00082520 -0.02675229 0.02854814
v -0.00141313 -0.02674949 0.02582087
v -0.00195565 -0.02675253 0.02576740
v -0.00249817 -0.02675528 0.02582087
v 0.00077174 -0.02676165 0.02800573
v -0.00234905 -0.02676732 0.03129037
v -0.00230359 -0.02676207 0.03129484
v -0.00195565 -0.02675957 0.03132911
v -0.00301983 -0.02605593 0.03111740
v -0.00267356 -0.02673984 0.03122248
v -0.00426783 -0.02743697 0.03009321
v -0.00392201 -0.02740908 0.03051461
v -0.00415488 -0.02743000 0.03023084
v -0.00452479 -0.02735675 0.02961244
v -0.00468304 -0.02678484 0.02909078
v -0.00461122 -0.02724022 0.02932762
v -0.00828888 -0.03043991 0.03470613
v -0.00791421 -0.03036112 0.03539373
v -0.02927448 -0.03707808 0.05181683
v -0.00780829 -0.03037023 0.03646161
v -0.00866260 -0.03076947 0.04045047
v -0.00976106 -0.03116798 0.04270317
v -0.01090332 -0.03154975 0.04404111
v -0.01164397 -0.03178245 0.04469664
v -0.01181360 -0.03141957 0.03395643
v -0.00913026 -0.03066432 0.03422745
v -0.01953580 -0.03367323 0.03503545
v -0.02049346 -0.03396940 0.03561468
v -0.02157499 -0.03432077 0.03672601
v -0.00657501 -0.02273828 0.02518316
v -0.00693079 -0.02272886 0.02573754
v -0.00749781 -0.02270663 0.02714773
v -0.00546946 -0.02275968 0.02403899
v -0.00596156 -0.02275098 0.02448966
v -0.00654038 -0.02821440 0.04419346
v -0.00746151 -0.02846235 0.04513807
v -0.00810345 -0.02898091 0.04552080
v -0.00742348 -0.02896327 0.04455180
v -0.00392201 -0.02676052 0.02658190
v -0.00658157 -0.02665997 0.02671208
v -0.00552657 -0.02665442 0.02505543
v -0.00683608 -0.02436859 0.03151949
v -0.01353027 -0.02620280 0.02878219
v -0.00653919 -0.02430064 0.03195782
v -0.00463822 -0.02726841 0.02932287
v -0.00808974 -0.02818448 0.02889882
v -0.00658240 -0.02776355 0.02895138
v -0.01034346 -0.02883017 0.02898793
v -0.03495498 -0.03479379 0.05762113
v -0.03557082 -0.03473860 0.05693580
v -0.03433176 -0.03668570 0.05723955
v -0.03469403 -0.03673637 0.05681302
v -0.03380658 -0.03311789 0.05758060
v -0.03420748 -0.03337377 0.05799915
v -0.03363659 -0.03329587 0.05813809
v -0.01502331 -0.02792120 0.05009080
v -0.01420649 -0.02719116 0.04913945
v -0.01189389 -0.02957368 0.04796024
v -0.03277363 -0.03678936 0.05685343
v -0.01108070 -0.03013182 0.04708303
v -0.03384890 -0.03599739 0.05773969
v -0.03377457 -0.03647697 0.05761118
v -0.03326149 -0.03677702 0.05717690
v -0.03305938 -0.03555024 0.05775322
v -0.03323002 -0.03643513 0.05765994
v -0.03579374 -0.03510243 0.05557777
v -0.03517564 -0.03632665 0.05536623
v -0.02556206 -0.03035003 0.03440841
v -0.02611502 -0.03085679 0.03542407
v -0.02673818 -0.03053737 0.03676428
v -0.03571572 -0.03428870 0.05404343
v -0.03606554 -0.03398621 0.05483867
v -0.02207418 -0.02923453 0.03083535
v -0.02174975 -0.02870876 0.03103759
v -0.02119519 -0.02874214 0.03046812
v -0.02023854 -0.02853590 0.03002973
v -0.00691380 -0.02265150 0.03139545
v -0.00658151 -0.02264631 0.03190168
v -0.01022615 -0.02252656 0.03709723
v -0.00612464 -0.02264118 0.03244485
v -0.00520488 -0.02263445 0.03325148
v -0.00766685 -0.02268988 0.02830949
v -0.00765010 -0.02268088 0.02897449
v -0.00755014 -0.02267152 0.02969589
v -0.00723537 -0.02265954 0.03068985
v -0.00180506 -0.02279473 0.02285601
v -0.00245089 -0.02279139 0.02285870
v -0.00114295 -0.02279759 0.02289631
v -0.00030454 -0.02279937 0.02307995
v 0.00524366 -0.01755492 0.02242788
v 0.00507680 -0.01754971 0.02264534
v 0.00842032 -0.01734472 0.03635491
v 0.00534856 -0.01756019 0.02217464
v 0.00485934 -0.01754492 0.02281220
v 0.00460610 -0.01754087 0.02291710
v 0.00433434 -0.01753785 0.02295288
v 0.00380934 -0.01753558 0.02281220
v 0.00406258 -0.01753604 0.02291710
v -0.00887873 -0.02905822 0.04625197
v -0.01069184 -0.02957922 0.04732056
v 0.00539436 -0.01756541 0.02190079
v 0.00869647 -0.01739329 0.03575416
v 0.00723425 -0.01782692 0.01887800
v 0.00538434 -0.01751974 0.02190288
v 0.00953445 -0.01801503 0.03578670
v -0.01358684 -0.02100959 0.02152713
v -0.01321389 -0.02106279 0.02055140
v -0.01349326 -0.02171427 0.02126100
v -0.01324065 -0.02168346 0.02064081
v -0.01329573 -0.01908711 0.02063419
v 0.00846127 -0.02258796 0.03651871
v 0.00179843 -0.02279395 0.02425833
v 0.00106517 -0.02279794 0.02370192
v 0.00054697 -0.02279920 0.02341451
v 0.00590123 -0.02244929 0.01735676
v 0.00649933 -0.02248943 0.01730891
v 0.00668225 -0.02270425 0.01776847
v 0.00230817 -0.02470386 0.02474036
v 0.00279031 -0.02472091 0.02536138
v 0.00373868 -0.02273625 0.02907338
v 0.00042150 -0.02488059 0.02335490
v 0.00090030 -0.02492565 0.02360113
v -0.00082048 -0.02482802 0.02294739
v -0.00451025 -0.02412445 0.03938903
v -0.02135660 -0.03194863 0.03101184
v -0.02137353 -0.02992583 0.03053637
v -0.02049025 -0.03190982 0.03071298
v -0.00436815 -0.02454382 0.04016758
v -0.00887003 -0.02805042 0.02879563
v -0.00739797 -0.02721042 0.02852950
v -0.00731363 -0.02763850 0.02880053
v -0.00378748 -0.02460933 0.03877015
v -0.03603806 -0.03458148 0.05548240
v -0.01586135 -0.02914524 0.02923480
v -0.01353593 -0.02837479 0.02873089
v -0.01123377 -0.02870071 0.02894107
v -0.00352129 -0.02709395 0.03843303
v -0.00384297 -0.02723354 0.03953560
v -0.00416931 -0.02772963 0.03965540
v -0.00415429 -0.02788103 0.03825672
v -0.00440218 -0.02748472 0.04093172
v -0.00404807 -0.02528501 0.03976394
v -0.00351688 -0.02379769 0.03600224
v -0.00419327 -0.02388758 0.03763773
v -0.00402238 -0.02402491 0.03822931
v 0.00742475 -0.01732814 0.03685286
v -0.00938352 -0.01727599 0.03804179
v -0.00360545 -0.02426166 0.03777941
v -0.00358420 -0.02413550 0.03730846
v -0.00353267 -0.02400488 0.03691824
v -0.00313046 -0.02363509 0.03410591
v 0.00767157 -0.02196318 0.01882758
v 0.00951228 -0.02195710 0.03581537
v 0.00732968 -0.02245903 0.01857622
v -0.01127585 -0.02224851 0.03709288
v -0.01079150 -0.02239305 0.03792216
v -0.01138433 -0.02198404 0.03809012
v -0.00731351 -0.02502811 0.04412283
v -0.01374747 -0.02777755 0.04958077
v -0.01190623 -0.02751494 0.04866893
v -0.01150437 -0.02708346 0.04846759
v -0.01284166 -0.02691341 0.04878487
v -0.01248477 -0.02688611 0.04865720
v -0.01194950 -0.02678621 0.04849584
v -0.01116230 -0.02680159 0.04822583
v -0.01116838 -0.02638114 0.04785146
v -0.01152869 -0.01801104 0.02017971
v -0.01284529 -0.01773346 0.02084221
v -0.00320914 -0.02714271 0.03691061
v 0.00774012 -0.02103663 0.03818788
v 0.00868145 -0.02086481 0.03810127
v 0.00876209 -0.01902157 0.03806187
v -0.01082298 -0.01749987 0.03845515
v -0.01103207 -0.01743096 0.03788550
v 0.00754896 -0.02258963 0.03694423
v -0.00945344 -0.02214855 0.03868218
v -0.03422226 -0.03406745 0.05823775
v -0.03368385 -0.03453249 0.05825360
v 0.00723687 -0.01923457 0.01711645
v 0.00688908 -0.01881331 0.01693853
v 0.00745235 -0.01861054 0.01745846
v 0.00626138 -0.02207375 0.01703300
v 0.00780216 -0.02176851 0.01946320
v -0.01094546 -0.01732797 0.03694446
v -0.01263942 -0.02260798 0.02239694
v -0.00364854 -0.02505851 0.03850599
v -0.02301593 -0.03007150 0.03154160
v -0.02222838 -0.02990759 0.03098418
v -0.02192833 -0.03208631 0.03137716
v -0.01165404 -0.02155394 0.03781660
v -0.01342090 -0.02177292 0.02249308
v -0.01163759 -0.02183813 0.03713103
v -0.01156875 -0.02825070 0.02869871
v -0.01036587 -0.02647352 0.02757784
v -0.03157623 -0.03708053 0.05336334
v -0.02907892 -0.03705001 0.05254747
v -0.03389622 -0.03696251 0.05669738
v -0.00324395 -0.02432144 0.03652777
v -0.03345724 -0.03705776 0.05458023
v -0.03382893 -0.03706878 0.05502505
v -0.00252284 -0.02673304 0.03214832
v -0.00252067 -0.02672249 0.03294052
v -0.00284284 -0.02710760 0.03254803
v -0.00998034 -0.02954251 0.03046765
v -0.00940599 -0.01747471 0.03850462
v -0.01045772 -0.01787639 0.03889854
v -0.00932839 -0.01801408 0.03894390
v -0.02261461 -0.03258061 0.03215142
v -0.02160891 -0.03245163 0.03166373
v -0.02243246 -0.03288668 0.03274675
v -0.03529020 -0.03395390 0.05754955
v -0.03537913 -0.03365922 0.05715223
v -0.03572603 -0.03406304 0.05686940
v -0.03441139 -0.03700954 0.05515189
v -0.03593762 -0.03465968 0.05469818
v -0.03604604 -0.03392821 0.05540676
v -0.03372689 -0.03377420 0.05837865
v -0.02275743 -0.02920681 0.03143318
v -0.02325167 -0.03248560 0.03254969
v -0.02315749 -0.03292924 0.03305377
v 0.00574628 -0.01797825 0.01731434
v 0.00655482 -0.01840353 0.01696517
v -0.00298228 -0.02713388 0.03172167
v -0.01976337 -0.03174436 0.03053911
v -0.02012558 -0.03211963 0.03110905
v -0.00531258 -0.02774286 0.02964951
v -0.00437578 -0.02742315 0.02989121
v 0.00368646 -0.02484995 0.02763725
v 0.00375382 -0.02492643 0.02837060
v -0.00366994 -0.02357388 0.03398504
v -0.02369954 -0.03269404 0.03312935
v -0.02412941 -0.03280502 0.03377219
v -0.02302285 -0.02907759 0.03201665
v -0.02393134 -0.02938926 0.03275473
v -0.02482070 -0.02964455 0.03414913
v -0.02360268 -0.02938032 0.03223826
v -0.02446254 -0.02973467 0.03300871
v -0.01917155 -0.02845222 0.02961208
v -0.01419969 -0.02645552 0.02865854
v -0.02112623 -0.02933359 0.03031136
v -0.02049770 -0.02937055 0.03007867
v -0.01965614 -0.02880502 0.02975585
v -0.03497364 -0.03342515 0.05684878
v -0.02466865 -0.03041583 0.03312190
v -0.02595402 -0.03009176 0.03566958
v -0.03556420 -0.03352481 0.05489160
v -0.01912977 -0.02903867 0.02965738
v -0.01414539 -0.02681089 0.02829498
v -0.01256640 -0.02683664 0.02790301
v -0.00591251 -0.02724338 0.02890765
v -0.00856259 -0.02522505 0.02711107
v -0.00799098 -0.02479464 0.02720548
v -0.00744399 -0.02497679 0.02699544
v -0.00982334 -0.02550745 0.02733936
v -0.00927361 -0.02497572 0.02766277
v -0.01025977 -0.02538186 0.02761973
v -0.00426098 -0.02761483 0.04046823
v -0.00489350 -0.02761775 0.04187848
v -0.00491568 -0.02809328 0.04107089
v -0.01469501 -0.03024763 0.02962806
v -0.01298483 -0.03003985 0.02989091
v -0.01843389 -0.03113019 0.03007104
v 0.00537095 -0.01766986 0.01785579
v -0.00988438 -0.02599222 0.04698242
v -0.01061031 -0.02609611 0.04723526
v -0.00998756 -0.02644813 0.04745592
v -0.00896170 -0.02622992 0.04670299
v 0.00596020 -0.02112061 0.01689579
v -0.01163109 -0.02103490 0.01993581
v 0.00626973 -0.01889920 0.01686766
v 0.00329909 -0.02543926 0.03068514
v 0.00301204 -0.02592194 0.03112312
v 0.00313953 -0.02641481 0.03019996
v -0.00830426 -0.02657497 0.04615666
v -0.00781586 -0.02590406 0.04563673
v -0.01030191 -0.02064332 0.03915126
v -0.00999805 -0.02137590 0.03910418
v -0.00480976 -0.02468336 0.04115982
v -0.00953951 -0.02248991 0.03791077
v -0.00708344 -0.02631384 0.04489060
v -0.00409802 -0.02471018 0.03970225
v -0.02549358 -0.03129238 0.03473182
v -0.02939429 -0.03346354 0.04300894
v -0.00491341 -0.02418053 0.03996040
v -0.00818464 -0.02548438 0.04553927
v -0.00882014 -0.02554554 0.04585166
v -0.00582876 -0.02797854 0.04331256
v -0.00570800 -0.02831012 0.04265828
v -0.02328952 -0.03323823 0.03394641
v -0.00289355 -0.02715707 0.03382786
v -0.02358546 -0.02985108 0.03196074
v -0.01025482 -0.02901709 0.04716094
v -0.00707188 -0.02658218 0.02806304
v -0.02499153 -0.03351450 0.03607054
v -0.02029266 -0.03092605 0.03036823
v -0.02392347 -0.03047436 0.03238995
v -0.01172104 -0.02065379 0.03796138
v -0.01353581 -0.02133638 0.02217646
v -0.01126035 -0.02144224 0.03875400
v -0.01044776 -0.02693165 0.04784234
v -0.00256020 -0.02664364 0.03351463
v 0.00768135 -0.02203369 0.03791751
v -0.00761768 -0.02437669 0.02932120
v -0.00366946 -0.02263153 0.03399642
v -0.00268185 -0.02263326 0.03421594
v -0.00665011 -0.02492386 0.02529075
v -0.00605401 -0.02534908 0.02461358
v -0.00181362 -0.02263695 0.03425695
v -0.00170891 -0.02457041 0.03425642
v -0.00082495 -0.02264327 0.03414901
v -0.00538489 -0.02401555 0.03309597
v -0.00458755 -0.02380872 0.03361656
v 0.00134239 -0.02492702 0.02388586
v -0.00765928 -0.02448624 0.02838374
v -0.00755151 -0.02450758 0.02741094
v -0.01332028 -0.02215356 0.02155938
v -0.01316460 -0.02225602 0.02238705
v -0.00303795 -0.02696896 0.03110774
v -0.00350060 -0.02724177 0.03086044
v -0.00379106 -0.02738285 0.03062208
v 0.00361768 -0.02272535 0.02981277
v 0.00341520 -0.02271468 0.03050508
v 0.00309829 -0.02270371 0.03118272
v -0.00455978 -0.02263236 0.03362842
v -0.00009915 -0.02264947 0.03395523
v 0.00060377 -0.02265704 0.03365643
v 0.00129244 -0.02266622 0.03324165
v 0.00221417 -0.02268166 0.03245362
v -0.00945839 -0.02660924 0.04713698
v -0.01215191 -0.01856923 0.02007355
v -0.01147034 -0.02613324 0.02762156
v -0.01201756 -0.02601934 0.02787550
v -0.01137605 -0.01762074 0.03735979
v -0.01304467 -0.01777107 0.02231701
v -0.01173981 -0.01815641 0.03702988
v -0.01142582 -0.01777500 0.03791465
v -0.01350595 -0.01853877 0.02184911
v 0.00521139 -0.02193880 0.01713201
v -0.01146045 -0.02173025 0.02000191
v -0.01259758 -0.02206296 0.02038248
v 0.00100461 -0.02535844 0.03340347
v 0.00103501 -0.02611524 0.03320087
v 0.00174222 -0.02582407 0.03277697
v 0.00660864 -0.01932012 0.01684763
v 0.00712065 -0.02123350 0.01706430
v 0.00659416 -0.02108449 0.01687070
v 0.00888846 -0.01743567 0.03676529
v -0.00374063 -0.02744806 0.03093501
v -0.00614890 -0.02420747 0.03242911
v -0.00736507 -0.02447778 0.03039177
v -0.03490122 -0.03681779 0.05529679
v 0.00960127 -0.02193797 0.03691156
v 0.00590090 -0.02173162 0.01696851
v -0.01158591 -0.02126193 0.03829075
v -0.01171275 -0.01900435 0.03793706
v -0.03311230 -0.03446275 0.05808355
v -0.03249677 -0.03357381 0.05793054
v 0.00864521 -0.02160967 0.03802611
v -0.00921007 -0.02156335 0.03903247
v 0.00937614 -0.01769656 0.03675671
v 0.00712863 -0.02198851 0.01716866
v 0.00753049 -0.02156580 0.01760646
v 0.00748143 -0.02205724 0.01781734
v -0.00999846 -0.01834643 0.03906603
v -0.00807454 -0.01875442 0.03903772
v 0.00768093 -0.01823366 0.03805073
v -0.00798472 -0.02566278 0.02716406
v -0.00742664 -0.02546561 0.02711280
v -0.00736579 -0.02587319 0.02740981
v -0.00927153 -0.02767396 0.02852516
v 0.00634400 -0.01786947 0.01737311
v 0.00699494 -0.01812720 0.01718428
v -0.00888696 -0.02840227 0.04633255
v -0.00949439 -0.02858937 0.04674424
v -0.01059189 -0.02756202 0.04782565
v -0.01945926 -0.03052950 0.03010221
v -0.01855274 -0.03050250 0.02995600
v -0.01679780 -0.03011364 0.02966447
v -0.03579785 -0.03508520 0.05495359
v -0.01063391 -0.01835400 0.03902854
v 0.00700185 -0.01780945 0.01784208
v 0.00674168 -0.02158427 0.01693108
v -0.01064798 -0.02869237 0.04749711
v 0.00765935 -0.02107340 0.01791670
v 0.00777987 -0.01879847 0.01886101
v -0.01056006 -0.01890087 0.03909631
v -0.02864547 -0.03693473 0.05283488
v -0.00264337 -0.02627361 0.03395827
v -0.00271913 -0.02503330 0.03417630
v -0.00278771 -0.02409309 0.03416605
v -0.01252248 -0.01905374 0.02011486
v 0.00876573 -0.01754743 0.03738572
v -0.01355161 -0.01912862 0.02211018
v -0.01358213 -0.01927187 0.02157952
v 0.00931987 -0.02189309 0.03770204
v -0.01235219 -0.01755083 0.02101113
v -0.01246651 -0.01747817 0.02233376
v -0.01352711 -0.01873881 0.02122875
v -0.00553878 -0.02500588 0.02410366
v -0.00453170 -0.02277267 0.02344139
v -0.00517633 -0.02568287 0.02391990
v -0.00476082 -0.02530593 0.02360226
v 0.00186739 -0.02488178 0.02430459
v 0.00364897 -0.02588785 0.02854086
v 0.00346682 -0.02610332 0.02966817
v 0.00325463 -0.02651215 0.02914409
v 0.00326667 -0.02630413 0.02705880
v 0.00356648 -0.02564049 0.02738185
v 0.00335995 -0.02640420 0.02783606
v 0.00366596 -0.02561569 0.02798076
v -0.00385901 -0.02463621 0.02315851
v -0.00290144 -0.02489048 0.02291538
v -0.00262602 -0.02617252 0.02308192
v -0.00112812 -0.02645612 0.03379853
v -0.00176987 -0.02635533 0.03394355
v -0.00055631 -0.02665031 0.03334154
v -0.00723340 -0.02482373 0.02635761
v -0.00691738 -0.02548921 0.02580638
v -0.00721058 -0.02564866 0.02648481
v -0.00535133 -0.02778429 0.04262741
v -0.00022455 -0.02533585 0.02313067
v -0.00967708 -0.02999145 0.04576756
v -0.00854018 -0.02949351 0.04519667
v 0.00759385 -0.01928572 0.01763900
v 0.00342301 -0.02483893 0.03047408
v 0.00361148 -0.02484518 0.02983912
v 0.00270525 -0.02670634 0.02740486
v 0.00312266 -0.02623898 0.02650275
v 0.00225899 -0.02651155 0.02542676
v -0.00491258 -0.02650565 0.02420743
v -0.00457742 -0.02602947 0.02364041
v -0.00425079 -0.02663356 0.02406611
v -0.00356372 -0.02608258 0.02324750
v -0.00323053 -0.02655387 0.02352478
v 0.00118730 -0.02560795 0.02385112
v 0.00158045 -0.02629513 0.02441110
v -0.00202187 -0.02630180 0.02311547
v -0.00188208 -0.02547807 0.02287753
v -0.00107027 -0.02578354 0.02299513
v -0.00544872 -0.02606780 0.02423807
v -0.00598248 -0.02610773 0.02476170
v 0.00374053 -0.02456957 0.02904679
v 0.00190136 -0.02660358 0.03188111
v 0.00219617 -0.02597010 0.03226938
v 0.00259892 -0.02630967 0.03151734
v 0.00116805 -0.02665436 0.03242977
v 0.00267587 -0.02669054 0.03006585
v 0.00214002 -0.02667302 0.03128221
v -0.00698372 -0.02466297 0.02583386
v 0.00250969 -0.02549732 0.02506026
v 0.00279067 -0.02599007 0.02562328
v 0.00323269 -0.02536047 0.02622714
v -0.00061926 -0.02602720 0.02314545
v -0.00686153 -0.02634222 0.02625259
v -0.00631823 -0.02656317 0.02577635
v 0.00062696 -0.02670467 0.03262372
v 0.00025687 -0.02657616 0.03319629
v 0.00190351 -0.02563191 0.02441533
v -0.00034394 -0.02630151 0.03374084
v 0.00368068 -0.02537060 0.02928046
v -0.00119554 -0.02494353 0.03421022
v -0.00088086 -0.02565426 0.03408779
v 0.00318000 -0.02480596 0.03105159
v 0.00261334 -0.02547640 0.03190698
v -0.00164520 -0.02554190 0.03420426
v -0.01329269 -0.02969885 0.02930471
v 0.00355426 -0.02493048 0.02704575
v 0.00156418 -0.02492446 0.03304650
v 0.00228558 -0.02480167 0.03237589
v 0.00258712 -0.02268988 0.03199704
v 0.00266150 -0.02469498 0.03191676
v 0.00193313 -0.02639073 0.02484753
v -0.00093999 -0.02659106 0.02351989
v 0.00315360 -0.02471513 0.02599181
v 0.00768892 -0.01749879 0.03744145
v -0.01321478 -0.02221555 0.02095183
v -0.01293452 -0.02250254 0.02149953
v -0.01068332 -0.02164543 0.03899611
v -0.01053419 -0.02218539 0.03864016
v -0.02512624 -0.03004259 0.03379364
v -0.02526011 -0.03052711 0.03393097
v -0.00251300 -0.02537680 0.02289756
v -0.01313462 -0.01780319 0.02128627
v -0.01224269 -0.02093464 0.02006169
v -0.01597633 -0.03047943 0.02968826
v -0.00530126 -0.02739704 0.02911717
v 0.00763670 -0.01830453 0.01889153
v 0.00771759 -0.01923030 0.01816013
v -0.00370087 -0.02278155 0.02310713
v 0.00719503 -0.02237475 0.01754084
v -0.01118632 -0.02195662 0.03859646
v -0.00962707 -0.01886946 0.03912039
v 0.00973574 -0.02148432 0.03644921
v 0.00972334 -0.02131731 0.03725250
v -0.00634947 -0.02566970 0.02500685
v -0.00248065 -0.01740604 0.02944986
v -0.00222741 -0.01740581 0.02955475
v -0.00195565 -0.01740581 0.02959053
v -0.00168389 -0.01740727 0.02955475
v -0.00300565 -0.01741746 0.02854053
v -0.00296987 -0.01742154 0.02826877
v -0.00269811 -0.01740772 0.02928299
v -0.00286498 -0.01741031 0.02906553
v -0.00296987 -0.01741363 0.02881229
v -0.00143065 -0.01740967 0.02944986
v -0.00286498 -0.01742559 0.02801553
v -0.00269811 -0.01742933 0.02779807
v -0.00143065 -0.01743613 0.02763121
v -0.00121558 -0.01743435 0.02780101
v -0.00090565 -0.01742471 0.02854053
v -0.00094143 -0.01742854 0.02826877
v -0.00222741 -0.01743491 0.02752631
v -0.00195565 -0.01743636 0.02749053
v -0.00168389 -0.01743678 0.02752631
v -0.00104633 -0.01743187 0.02801553
v -0.00104633 -0.01741659 0.02906553
v -0.00094143 -0.01742063 0.02881229
v -0.00248065 -0.01743251 0.02763121
v -0.00119330 -0.01743415 0.02782398
v -0.00121319 -0.01741285 0.02928299
v -0.01343019 -0.01823145 0.02140423
v -0.01323231 -0.01816064 0.02072640
v -0.01279171 -0.01829124 0.02033283
v -0.01218207 -0.02159858 0.02011515
v -0.01279248 -0.02158296 0.02029480
v 0.00765291 -0.01858962 0.01827362
v 0.00710312 -0.02257639 0.01802316
v 0.00926122 -0.02137697 0.03786828
v 0.00952235 -0.02094959 0.03766682
v 0.00930736 -0.01782257 0.03752675
v 0.00266460 -0.02656257 0.03087945
v -0.00133418 -0.02635974 0.02318289
v -0.00413504 -0.02564717 0.02333410
v -0.00654563 -0.02613187 0.02547057
v -0.00590970 0.02603392 0.04337312
v -0.00575335 0.02545791 0.04306467
v -0.00481977 0.02543698 0.04151298
v -0.00692345 0.02585601 0.04466493
v -0.00647749 0.02622657 0.04415025
v 0.00331482 0.01766815 0.02163112
v -0.01142754 0.01757954 0.02113136
v 0.00341971 0.01767342 0.02137788
v 0.00259037 0.02290906 0.02236875
v 0.00277019 0.02153644 0.02280288
v 0.00259037 0.02153644 0.02236875
v 0.00277019 0.02290224 0.02280288
v 0.00485404 0.01769275 0.02099355
v 0.00460080 0.02153644 0.02088865
v 0.00460080 0.01769230 0.02088865
v 0.00485404 0.02153644 0.02099355
v 0.00523837 0.02153644 0.02137788
v 0.00507150 0.01769183 0.02116041
v 0.00523837 0.01768959 0.02137788
v 0.00507150 0.02153644 0.02116041
v 0.00534326 0.02153644 0.02163112
v 0.00534326 0.01768618 0.02163112
v 0.00386316 0.02288285 0.02364154
v 0.00342904 0.02153644 0.02346172
v 0.00342904 0.02288867 0.02346172
v 0.00386316 0.02153644 0.02364154
v 0.00606771 0.02289156 0.02143700
v 0.00588788 0.02153644 0.02100288
v 0.00606771 0.02153644 0.02143700
v 0.00588788 0.02289838 0.02100288
v -0.01226081 0.02279847 0.02139141
v -0.00300463 0.02290426 0.02293123
v -0.01140817 0.02272617 0.02075924
v -0.01199741 0.02283387 0.02196683
v 0.00305625 0.02153644 0.02317567
v 0.00305625 0.02289528 0.02317567
v 0.00967542 0.01911621 0.03741361
v 0.00960342 0.01813500 0.03714438
v 0.00978110 0.01874702 0.03692390
v -0.00657059 0.02529232 0.04395683
v -0.00552382 0.02489691 0.04232456
v 0.00305625 0.02292651 0.02063008
v 0.00277019 0.02153644 0.02100288
v 0.00305625 0.02153644 0.02063008
v 0.00277019 0.02292432 0.02100288
v -0.00526674 0.02451204 0.04117448
v -0.00608774 0.02468585 0.04202373
v -0.00473996 0.02453314 0.04061325
v -0.00647988 0.02488499 0.04307993
v -0.00468834 0.02617262 0.02909078
v -0.00453009 0.02503652 0.02961245
v -0.00468834 0.02503652 0.02909079
v -0.00453009 0.02617262 0.02961244
v 0.00099912 0.02292258 0.02188798
v 0.00535266 0.02294426 0.01792356
v 0.00106446 0.02661400 0.02423819
v -0.00006916 0.02659838 0.02360900
v 0.00036584 0.02672868 0.02403416
v 0.00014858 0.02593272 0.02334197
v -0.01034923 0.01737719 0.03783758
v -0.01191272 0.01753538 0.02207853
v 0.00405728 0.01768746 0.02088865
v 0.00380404 0.01768341 0.02099355
v 0.00606771 0.02288013 0.02236875
v 0.00612904 0.02153644 0.02190288
v 0.00606771 0.02153644 0.02236875
v 0.00612904 0.02288013 0.02190288
v -0.01253141 0.02262055 0.02082814
v -0.01157256 0.02230780 0.02024229
v -0.00250347 0.02687030 0.03127564
v -0.00264002 0.02685832 0.03123422
v -0.00265453 0.02685611 0.03127457
v -0.00334537 0.01761919 0.02194634
v 0.00327904 0.01766318 0.02190288
v 0.00331482 0.01765884 0.02217464
v 0.00341971 0.01765544 0.02242788
v 0.00358658 0.01765320 0.02264534
v 0.00342904 0.02153644 0.02034403
v 0.00342904 0.02292692 0.02034403
v 0.00432904 0.02153644 0.02010288
v 0.00386316 0.02292551 0.02016421
v 0.00386316 0.02153644 0.02016421
v 0.00432904 0.02292239 0.02010288
v 0.00479491 0.02153644 0.02016421
v 0.00522904 0.02153644 0.02034403
v 0.00560183 0.02153644 0.02063008
v 0.00432904 0.02153644 0.02085288
v 0.00405728 0.02153644 0.02088865
v 0.00380404 0.02153644 0.02099355
v 0.00358658 0.02153644 0.02116041
v 0.00259037 0.02153644 0.02143700
v 0.00341971 0.02153644 0.02137788
v 0.00331482 0.02153644 0.02163112
v 0.00252904 0.02153644 0.02190288
v 0.00327904 0.02153644 0.02190288
v 0.00331482 0.02153644 0.02217464
v 0.00341971 0.02153644 0.02242788
v 0.00358658 0.02153644 0.02264534
v 0.00380404 0.02153644 0.02281220
v 0.00405728 0.02153644 0.02291710
v 0.00432904 0.02153644 0.02295288
v 0.00537904 0.02153644 0.02190288
v 0.00534326 0.02153644 0.02217464
v 0.00523837 0.02153644 0.02242788
v 0.00588788 0.02153644 0.02280288
v 0.00507150 0.02153644 0.02264534
v 0.00485404 0.02153644 0.02281220
v 0.00560183 0.02153644 0.02317567
v 0.00460080 0.02153644 0.02291710
v 0.00522904 0.02153644 0.02346172
v 0.00479491 0.02153644 0.02364154
v 0.00432904 0.02153644 0.02370288
v 0.00479491 0.02291776 0.02016421
v -0.00739332 0.02545075 0.04483570
v 0.00432904 0.01769230 0.02085814
v 0.00629423 0.01775818 0.01792004
v 0.00522904 0.02287370 0.02346172
v 0.00876914 0.02264651 0.03564871
v 0.00560183 0.02287410 0.02317567
v 0.00479491 0.02287510 0.02364154
v 0.00588788 0.02287630 0.02280288
v 0.00614928 0.02294086 0.01823308
v 0.00560183 0.02290533 0.02063008
v 0.00522904 0.02291194 0.02034403
v -0.01147248 0.01899331 0.03852142
v -0.01131876 0.01801293 0.03847219
v -0.01115246 0.01836406 0.03879233
v -0.01164354 0.01840209 0.03792621
v 0.00224618 0.02290695 0.02468302
v 0.00432904 0.02287822 0.02370288
v 0.00259037 0.02292049 0.02143700
v 0.00252904 0.02291528 0.02190288
v -0.01111396 0.01898228 0.03887416
v -0.01147630 0.02093816 0.03855587
v -0.00453009 0.02687310 0.02748408
v -0.00427313 0.02687769 0.02700331
v -0.00622650 0.02688681 0.02743294
v -0.00518890 0.02687840 0.02544095
v -0.01106383 0.02094402 0.03894158
v 0.00980554 0.02100156 0.03677221
v 0.00964973 0.01869540 0.03526331
v 0.00974462 0.01856916 0.03643586
v 0.00362079 0.02287655 0.02734335
v 0.00374959 0.02286332 0.02833626
v 0.00344531 0.02288465 0.02670105
v 0.00302027 0.02289568 0.02575864
v 0.00275527 0.02290057 0.02531643
v 0.00881771 0.02264302 0.03583999
v 0.00060819 0.02685963 0.02748408
v 0.00224225 0.02684461 0.02641322
v 0.00035123 0.02684657 0.02700331
v 0.00035123 0.02503652 0.02700332
v 0.00060819 0.02503652 0.02748409
v -0.00468834 0.02503652 0.02800575
v -0.00453009 0.02503652 0.02748409
v -0.00468834 0.02687518 0.02800573
v 0.00935719 0.01844548 0.03773613
v 0.00932882 0.01909970 0.03782423
v 0.00886986 0.01809346 0.03781368
v 0.00869653 0.01855933 0.03801019
v 0.00804857 0.01803647 0.03787531
v 0.00580536 0.02265720 0.01744380
v 0.00530605 0.02253257 0.01739588
v 0.00697051 0.02284025 0.01904042
v 0.00358658 0.01768341 0.02116041
v 0.00882606 0.02224766 0.03773834
v 0.00917027 0.02242755 0.03729124
v 0.00857792 0.02256261 0.03732915
v 0.00886378 0.02261709 0.03684159
v -0.00250347 0.02503646 0.02582088
v -0.00141843 0.02503646 0.02582088
v -0.00196095 0.02503646 0.02576742
v -0.00302513 0.02503646 0.02597913
v -0.00089677 0.02503646 0.02597913
v -0.00350590 0.02503646 0.02623609
v -0.00041600 0.02503646 0.02623609
v -0.00392731 0.02503646 0.02658191
v 0.00000541 0.02503646 0.02658191
v -0.00427313 0.02503652 0.02700332
v -0.00196095 0.02503650 0.02749045
v -0.00223271 0.02503650 0.02752623
v -0.00248595 0.02503650 0.02763113
v -0.00270341 0.02503650 0.02779799
v -0.00287028 0.02503650 0.02801545
v -0.00474180 0.02503652 0.02854827
v -0.00297517 0.02503650 0.02826869
v -0.00301095 0.02503651 0.02854045
v -0.00297517 0.02503651 0.02881221
v -0.00287028 0.02503651 0.02906545
v -0.00270341 0.02503652 0.02928291
v -0.00248595 0.02503652 0.02944978
v -0.00223271 0.02503652 0.02955467
v -0.00196095 0.02503652 0.02959045
v -0.00168919 0.02503650 0.02752623
v 0.00076644 0.02503652 0.02800575
v -0.00143595 0.02503650 0.02763113
v -0.00121849 0.02503650 0.02779799
v -0.00105162 0.02503650 0.02801545
v 0.00081990 0.02503652 0.02854827
v -0.00094673 0.02503650 0.02826869
v -0.00091095 0.02503651 0.02854045
v -0.00094673 0.02503651 0.02881221
v 0.00076644 0.02503652 0.02909079
v -0.00105162 0.02503651 0.02906545
v -0.00121849 0.02503652 0.02928291
v 0.00060819 0.02503652 0.02961245
v -0.00143595 0.02503652 0.02944978
v -0.00168919 0.02503652 0.02955467
v -0.00427313 0.02503652 0.03009322
v 0.00035123 0.02503652 0.03009322
v -0.00392731 0.02503652 0.03051463
v 0.00000541 0.02503652 0.03051463
v -0.00350590 0.02503652 0.03086045
v -0.00041600 0.02503652 0.03086045
v -0.00302513 0.02503652 0.03111741
v -0.00089677 0.02503652 0.03111741
v -0.00250347 0.02503652 0.03127566
v -0.00141843 0.02503652 0.03127566
v -0.00196095 0.02503652 0.03132913
v 0.00020622 0.02600758 0.03371759
v -0.00064917 0.02512334 0.03410627
v -0.00017180 0.02481108 0.03397413
v 0.00059913 0.02470510 0.03365768
v -0.00089677 0.02686285 0.02597912
v 0.00117545 0.02680730 0.02480890
v -0.00253427 0.02687775 0.02408762
v -0.00041600 0.02685945 0.02623607
v -0.00302513 0.02687429 0.02597912
v -0.00594856 0.02686785 0.02857348
v -0.00652643 0.02685283 0.02837448
v -0.00468959 0.02687364 0.02907824
v -0.00474180 0.02688216 0.02854814
v -0.00473555 0.02687387 0.02904995
v 0.00000541 0.02685605 0.02658190
v -0.00176343 0.02685623 0.03320171
v -0.00089677 0.02687971 0.03111740
v -0.00141843 0.02687608 0.03127564
v 0.00130056 0.02687411 0.03168900
v 0.00000541 0.02687292 0.03051461
v -0.00041600 0.02688216 0.03086044
v 0.00035123 0.02686571 0.03009321
v -0.00350590 0.02687602 0.02623607
v 0.00060819 0.02686255 0.02961244
v 0.00258504 0.02687280 0.02833621
v 0.00076644 0.02686368 0.02909078
v 0.00081990 0.02686899 0.02854814
v -0.00141843 0.02686618 0.02582087
v -0.00196095 0.02686922 0.02576740
v -0.00250347 0.02687197 0.02582087
v 0.00076644 0.02687834 0.02800573
v -0.00235435 0.02688401 0.03129037
v -0.00230889 0.02687876 0.03129484
v -0.00196095 0.02687626 0.03132911
v -0.00267885 0.02685653 0.03122248
v -0.00302513 0.02617262 0.03111740
v -0.00427313 0.02755366 0.03009321
v -0.00392731 0.02752577 0.03051461
v -0.00416018 0.02754669 0.03023084
v -0.00453009 0.02747344 0.02961244
v -0.00468834 0.02690153 0.02909078
v -0.00461651 0.02735691 0.02932762
v -0.02927978 0.03719477 0.05181683
v -0.00791951 0.03047781 0.03539373
v -0.00829418 0.03055660 0.03470613
v -0.00781359 0.03048692 0.03646161
v -0.00866790 0.03088616 0.04045047
v -0.00976636 0.03128467 0.04270317
v -0.01090862 0.03166644 0.04404111
v -0.01164927 0.03189914 0.04469664
v -0.01954110 0.03378992 0.03503545
v -0.00913556 0.03078101 0.03422745
v -0.01181890 0.03153626 0.03395643
v -0.02049876 0.03408609 0.03561468
v -0.02158029 0.03443746 0.03672601
v -0.00693609 0.02284555 0.02573754
v -0.00658031 0.02285497 0.02518316
v -0.00750311 0.02282332 0.02714773
v -0.00596686 0.02286767 0.02448966
v -0.00547476 0.02287637 0.02403899
v -0.00810875 0.02909760 0.04552080
v -0.00746681 0.02857904 0.04513807
v -0.00654568 0.02833109 0.04419346
v -0.00742878 0.02907996 0.04455180
v -0.00392731 0.02687721 0.02658190
v -0.00658687 0.02677666 0.02671208
v -0.00553186 0.02677112 0.02505543
v -0.00654449 0.02441733 0.03195782
v -0.01353557 0.02631949 0.02878219
v -0.00684138 0.02448528 0.03151949
v -0.00464352 0.02738510 0.02932287
v -0.01034875 0.02894686 0.02898793
v -0.00658770 0.02788024 0.02895138
v -0.00809504 0.02830117 0.02889882
v -0.03433706 0.03680239 0.05723955
v -0.03557612 0.03485529 0.05693580
v -0.03496028 0.03491048 0.05762113
v -0.03469933 0.03685306 0.05681302
v -0.03364189 0.03341256 0.05813809
v -0.03421278 0.03349046 0.05799915
v -0.03381188 0.03323458 0.05758060
v -0.01421179 0.02730785 0.04913945
v -0.01502861 0.02803789 0.05009080
v -0.01108600 0.03024851 0.04708303
v -0.03277893 0.03690605 0.05685343
v -0.01189919 0.02969037 0.04796024
v -0.03377987 0.03659366 0.05761118
v -0.03385420 0.03611408 0.05773969
v -0.03326679 0.03689371 0.05717690
v -0.03323532 0.03655182 0.05765994
v -0.03306468 0.03566693 0.05775322
v -0.03518094 0.03644334 0.05536623
v -0.03579904 0.03521912 0.05557777
v -0.02674348 0.03065406 0.03676428
v -0.02612032 0.03097348 0.03542407
v -0.02556736 0.03046672 0.03440841
v -0.03572102 0.03440539 0.05404343
v -0.03607084 0.03410290 0.05483867
v -0.02120049 0.02885883 0.03046812
v -0.02175505 0.02882545 0.03103759
v -0.02207948 0.02935122 0.03083535
v -0.02024384 0.02865260 0.03002973
v -0.01023145 0.02264326 0.03709723
v -0.00658681 0.02276300 0.03190168
v -0.00691910 0.02276819 0.03139545
v -0.00612994 0.02275787 0.03244485
v -0.00521018 0.02275114 0.03325148
v -0.00767215 0.02280657 0.02830949
v -0.00765540 0.02279757 0.02897449
v -0.00755544 0.02278821 0.02969589
v -0.00724067 0.02277623 0.03068985
v -0.00245618 0.02290808 0.02285870
v -0.00181036 0.02291142 0.02285601
v -0.00114825 0.02291428 0.02289631
v -0.00030984 0.02291607 0.02307995
v 0.00841502 0.01746141 0.03635491
v 0.00507150 0.01766640 0.02264534
v 0.00523837 0.01767161 0.02242788
v 0.00534326 0.01767688 0.02217464
v 0.00485404 0.01766161 0.02281220
v 0.00460080 0.01765756 0.02291710
v 0.00432904 0.01765454 0.02295288
v 0.00380404 0.01765228 0.02281220
v 0.00405728 0.01765273 0.02291710
v -0.01069714 0.02969592 0.04732056
v -0.00888403 0.02917491 0.04625197
v 0.00538906 0.01768210 0.02190079
v 0.00869117 0.01750999 0.03575416
v 0.00722895 0.01794361 0.01887800
v 0.00537904 0.01763644 0.02190288
v 0.00952915 0.01813172 0.03578670
v -0.01349856 0.02183096 0.02126100
v -0.01321919 0.02117948 0.02055140
v -0.01359214 0.02112628 0.02152713
v -0.01324595 0.02180015 0.02064081
v -0.01330103 0.01920380 0.02063419
v 0.00845597 0.02270465 0.03651871
v 0.00179313 0.02291064 0.02425833
v 0.00105987 0.02291464 0.02370192
v 0.00054167 0.02291589 0.02341451
v 0.00589594 0.02256598 0.01735676
v 0.00667696 0.02282094 0.01776847
v 0.00649403 0.02260612 0.01730891
v 0.00230287 0.02482055 0.02474036
v 0.00278501 0.02483760 0.02536138
v 0.00373338 0.02285294 0.02907338
v 0.00041620 0.02499728 0.02335490
v 0.00089501 0.02504234 0.02360113
v -0.00082578 0.02494471 0.02294739
v -0.00451554 0.02424114 0.03938903
v -0.02049555 0.03202651 0.03071298
v -0.02137883 0.03004252 0.03053637
v -0.02136190 0.03206532 0.03101184
v -0.00437345 0.02466051 0.04016758
v -0.00731893 0.02775519 0.02880053
v -0.00740327 0.02732711 0.02852950
v -0.00887533 0.02816712 0.02879563
v -0.00379278 0.02472602 0.03877015
v -0.03604336 0.03469817 0.05548240
v -0.01123907 0.02881740 0.02894107
v -0.01354123 0.02849148 0.02873089
v -0.01586665 0.02926193 0.02923480
v -0.00417461 0.02784632 0.03965540
v -0.00384827 0.02735023 0.03953560
v -0.00352658 0.02721064 0.03843303
v -0.00415959 0.02799772 0.03825672
v -0.00405337 0.02540170 0.03976394
v -0.00440748 0.02760141 0.04093172
v -0.00402768 0.02414160 0.03822931
v -0.00419857 0.02400427 0.03763773
v -0.00352217 0.02391438 0.03600224
v -0.00938882 0.01739268 0.03804179
v 0.00741945 0.01744484 0.03685286
v -0.00358950 0.02425219 0.03730846
v -0.00361075 0.02437835 0.03777941
v -0.00313576 0.02375178 0.03410591
v -0.00353797 0.02412157 0.03691824
v 0.00732438 0.02257572 0.01857622
v 0.00950698 0.02207379 0.03581537
v 0.00766627 0.02207987 0.01882758
v -0.01138963 0.02210073 0.03809012
v -0.01079680 0.02250974 0.03792216
v -0.01128115 0.02236520 0.03709288
v -0.00731881 0.02514480 0.04412283
v -0.01150967 0.02720015 0.04846759
v -0.01191153 0.02763163 0.04866893
v -0.01375277 0.02789425 0.04958077
v -0.01195480 0.02690290 0.04849584
v -0.01249007 0.02700280 0.04865720
v -0.01284696 0.02703010 0.04878487
v -0.01116760 0.02691828 0.04822583
v -0.01117368 0.02649783 0.04785146
v -0.01285059 0.01785015 0.02084221
v -0.01153399 0.01812773 0.02017971
v -0.00321443 0.02725940 0.03691061
v 0.00875679 0.01913827 0.03806187
v 0.00867615 0.02098150 0.03810127
v 0.00773482 0.02115332 0.03818788
v -0.01103737 0.01754766 0.03788550
v -0.01082827 0.01761656 0.03845515
v -0.00945874 0.02226524 0.03868218
v 0.00754367 0.02270632 0.03694423
v -0.03368915 0.03464918 0.05825360
v -0.03422756 0.03418414 0.05823775
v 0.00744705 0.01872723 0.01745846
v 0.00688378 0.01893001 0.01693853
v 0.00723158 0.01935126 0.01711645
v 0.00625609 0.02219044 0.01703300
v 0.00779687 0.02188520 0.01946320
v -0.01095076 0.01744466 0.03694446
v -0.01264472 0.02272468 0.02239694
v -0.00365384 0.02517520 0.03850599
v -0.02193363 0.03220300 0.03137716
v -0.02223368 0.03002428 0.03098418
v -0.02302123 0.03018819 0.03154160
v -0.01164289 0.02195482 0.03713103
v -0.01342620 0.02188961 0.02249308
v -0.01165934 0.02167063 0.03781660
v -0.01037116 0.02659022 0.02757784
v -0.01157405 0.02836739 0.02869871
v -0.03390152 0.03707920 0.05669738
v -0.02908422 0.03716670 0.05254747
v -0.03158153 0.03719722 0.05336334
v -0.00324924 0.02443813 0.03652777
v -0.03383423 0.03718547 0.05502505
v -0.03346254 0.03717445 0.05458023
v -0.00284814 0.02722429 0.03254803
v -0.00252597 0.02683918 0.03294052
v -0.00252813 0.02684973 0.03214832
v -0.00998564 0.02965920 0.03046765
v -0.00933369 0.01813077 0.03894390
v -0.01046302 0.01799308 0.03889854
v -0.00941129 0.01759141 0.03850462
v -0.02243776 0.03300337 0.03274675
v -0.02161421 0.03256832 0.03166373
v -0.02261991 0.03269730 0.03215142
v -0.03573133 0.03417973 0.05686940
v -0.03538443 0.03377591 0.05715223
v -0.03529550 0.03407059 0.05754955
v -0.03441669 0.03712623 0.05515189
v -0.03594292 0.03477637 0.05469818
v -0.03605134 0.03404490 0.05540676
v -0.03373219 0.03389089 0.05837865
v -0.02276273 0.02932351 0.03143318
v -0.02316279 0.03304593 0.03305377
v -0.02325697 0.03260229 0.03254969
v 0.00654952 0.01852022 0.01696517
v 0.00574098 0.01809495 0.01731434
v -0.00298758 0.02725057 0.03172167
v -0.02013088 0.03223632 0.03110905
v -0.01976867 0.03186105 0.03053911
v -0.00531788 0.02785956 0.02964951
v -0.00438108 0.02753984 0.02989121
v 0.00374852 0.02504312 0.02837060
v 0.00368117 0.02496664 0.02763725
v -0.00367524 0.02369057 0.03398504
v -0.02413471 0.03292171 0.03377219
v -0.02370484 0.03281073 0.03312935
v -0.02482600 0.02976124 0.03414913
v -0.02393664 0.02950596 0.03275473
v -0.02302815 0.02919428 0.03201665
v -0.02446784 0.02985136 0.03300871
v -0.02360798 0.02949701 0.03223826
v -0.01420499 0.02657221 0.02865854
v -0.01917685 0.02856891 0.02961208
v -0.02113153 0.02945028 0.03031136
v -0.01966144 0.02892171 0.02975585
v -0.02050300 0.02948724 0.03007867
v -0.03497894 0.03354184 0.05684878
v -0.02467395 0.03053252 0.03312190
v -0.03556950 0.03364150 0.05489160
v -0.02595932 0.03020845 0.03566958
v -0.01257170 0.02695333 0.02790301
v -0.01415069 0.02692758 0.02829498
v -0.01913507 0.02915536 0.02965738
v -0.00591780 0.02736007 0.02890765
v -0.00744929 0.02509348 0.02699544
v -0.00799628 0.02491133 0.02720548
v -0.00856789 0.02534174 0.02711107
v -0.00982864 0.02562414 0.02733936
v -0.01026507 0.02549856 0.02761973
v -0.00927891 0.02509241 0.02766277
v -0.00492098 0.02820997 0.04107089
v -0.00489880 0.02773445 0.04187848
v -0.00426628 0.02773152 0.04046823
v -0.01843919 0.03124688 0.03007104
v -0.01299013 0.03015654 0.02989091
v -0.01470031 0.03036432 0.02962806
v 0.00536565 0.01778655 0.01785579
v -0.01061560 0.02621280 0.04723526
v -0.00988968 0.02610891 0.04698242
v -0.00896700 0.02634661 0.04670299
v -0.00999285 0.02656482 0.04745592
v 0.00626443 0.01901590 0.01686766
v -0.01163639 0.02115159 0.01993581
v 0.00595490 0.02123730 0.01689579
v 0.00313423 0.02653150 0.03019996
v 0.00300674 0.02603863 0.03112312
v 0.00329380 0.02555596 0.03068514
v -0.00782116 0.02602075 0.04563673
v -0.00830956 0.02669166 0.04615666
v -0.01000335 0.02149259 0.03910418
v -0.01030721 0.02076001 0.03915126
v -0.00481506 0.02480005 0.04115982
v -0.00954481 0.02260660 0.03791077
v -0.00708874 0.02643053 0.04489060
v -0.00410332 0.02482687 0.03970225
v -0.02939959 0.03358023 0.04300894
v -0.02549888 0.03140907 0.03473182
v -0.00491871 0.02429722 0.03996040
v -0.00882544 0.02566223 0.04585166
v -0.00818993 0.02560108 0.04553927
v -0.00571330 0.02842681 0.04265828
v -0.00583406 0.02809523 0.04331256
v -0.02329482 0.03335492 0.03394641
v -0.00289885 0.02727376 0.03382786
v -0.02359076 0.02996777 0.03196074
v -0.01026012 0.02913378 0.04716094
v -0.00707717 0.02669887 0.02806304
v -0.02499683 0.03363119 0.03607054
v -0.02029796 0.03104274 0.03036823
v -0.02392877 0.03059105 0.03238995
v -0.01354111 0.02145307 0.02217646
v -0.01172634 0.02077048 0.03796138
v -0.01126565 0.02155893 0.03875400
v -0.01045306 0.02704834 0.04784234
v -0.00256550 0.02676033 0.03351463
v 0.00767605 0.02215038 0.03791751
v -0.00762297 0.02449338 0.02932120
v -0.00268714 0.02274995 0.03421594
v -0.00367476 0.02274822 0.03399642
v -0.00605930 0.02546577 0.02461358
v -0.00665541 0.02504055 0.02529075
v -0.00083025 0.02275996 0.03414901
v -0.00171421 0.02468710 0.03425642
v -0.00181892 0.02275364 0.03425695
v -0.00459285 0.02392541 0.03361656
v -0.00539018 0.02413224 0.03309597
v 0.00133709 0.02504371 0.02388586
v -0.00755681 0.02462428 0.02741094
v -0.00766458 0.02460294 0.02838374
v -0.01332558 0.02227025 0.02155938
v -0.01316990 0.02237271 0.02238705
v -0.00304325 0.02708565 0.03110774
v -0.00350590 0.02735846 0.03086044
v -0.00379635 0.02749954 0.03062208
v 0.00361238 0.02284204 0.02981277
v 0.00340991 0.02283137 0.03050508
v 0.00309299 0.02282040 0.03118272
v -0.00456508 0.02274905 0.03362842
v -0.00010444 0.02276616 0.03395523
v 0.00059847 0.02277373 0.03365643
v 0.00128715 0.02278291 0.03324165
v 0.00220887 0.02279835 0.03245362
v -0.00946368 0.02672593 0.04713698
v -0.01215721 0.01868593 0.02007355
v -0.01202286 0.02613603 0.02787550
v -0.01147564 0.02624993 0.02762156
v -0.01174511 0.01827310 0.03702988
v -0.01304997 0.01788776 0.02231701
v -0.01138134 0.01773744 0.03735979
v -0.01143111 0.01789169 0.03791465
v -0.01351125 0.01865547 0.02184911
v 0.00520609 0.02205549 0.01713201
v -0.01146575 0.02184694 0.02000191
v -0.01260288 0.02217965 0.02038248
v 0.00173692 0.02594076 0.03277697
v 0.00102971 0.02623193 0.03320087
v 0.00099931 0.02547513 0.03340347
v 0.00711535 0.02135019 0.01706430
v 0.00660334 0.01943681 0.01684763
v 0.00658886 0.02120118 0.01687070
v 0.00888316 0.01755236 0.03676529
v -0.00374593 0.02756475 0.03093501
v -0.00615420 0.02432417 0.03242911
v -0.00737037 0.02459447 0.03039177
v -0.03490652 0.03693448 0.05529679
v 0.00959597 0.02205466 0.03691156
v 0.00589560 0.02184831 0.01696851
v -0.01159121 0.02137862 0.03829075
v -0.01171805 0.01912104 0.03793706
v -0.03250207 0.03369050 0.05793054
v -0.03311760 0.03457944 0.05808355
v 0.00863991 0.02172636 0.03802611
v -0.00921537 0.02168004 0.03903247
v 0.00937084 0.01781325 0.03675671
v 0.00747613 0.02217393 0.01781734
v 0.00752519 0.02168249 0.01760646
v 0.00712333 0.02210520 0.01716866
v 0.00767563 0.01835035 0.03805073
v -0.00807984 0.01887112 0.03903772
v -0.01000376 0.01846312 0.03906603
v -0.00737108 0.02598988 0.02740981
v -0.00743194 0.02558230 0.02711280
v -0.00799002 0.02577947 0.02716406
v -0.00927682 0.02779065 0.02852516
v 0.00698964 0.01824390 0.01718428
v 0.00633870 0.01798617 0.01737311
v -0.00949968 0.02870606 0.04674424
v -0.00889225 0.02851896 0.04633255
v -0.01059719 0.02767872 0.04782565
v -0.01946456 0.03064619 0.03010221
v -0.01680310 0.03023033 0.02966447
v -0.01855804 0.03061919 0.02995600
v -0.03580315 0.03520189 0.05495359
v -0.01063921 0.01847069 0.03902854
v 0.00699656 0.01792615 0.01784208
v 0.00673638 0.02170097 0.01693108
v -0.01065327 0.02880906 0.04749711
v 0.00765405 0.02119009 0.01791670
v 0.00777457 0.01891517 0.01886101
v -0.01056536 0.01901757 0.03909631
v -0.02865077 0.03705142 0.05283488
v -0.00264866 0.02639030 0.03395827
v -0.00272442 0.02514999 0.03417630
v -0.00279301 0.02420978 0.03416605
v -0.01252778 0.01917044 0.02011486
v 0.00876043 0.01766412 0.03738572
v -0.01355691 0.01924532 0.02211018
v -0.01358743 0.01938856 0.02157952
v 0.00931457 0.02200978 0.03770204
v -0.01247181 0.01759486 0.02233376
v -0.01235749 0.01766752 0.02101113
v -0.01353241 0.01885550 0.02122875
v -0.00453700 0.02288936 0.02344139
v -0.00554408 0.02512257 0.02410366
v -0.00476612 0.02542262 0.02360226
v -0.00518163 0.02579956 0.02391990
v 0.00186209 0.02499847 0.02430459
v 0.00324933 0.02662884 0.02914409
v 0.00346152 0.02622001 0.02966817
v 0.00364367 0.02600454 0.02854086
v 0.00335465 0.02652089 0.02783606
v 0.00356118 0.02575718 0.02738185
v 0.00326137 0.02642082 0.02705880
v 0.00366066 0.02573238 0.02798076
v -0.00263132 0.02628921 0.02308192
v -0.00290674 0.02500718 0.02291538
v -0.00386430 0.02475290 0.02315851
v -0.00177517 0.02647202 0.03394355
v -0.00113342 0.02657281 0.03379853
v -0.00056161 0.02676700 0.03334154
v -0.00721587 0.02576535 0.02648481
v -0.00692268 0.02560590 0.02580638
v -0.00723870 0.02494042 0.02635761
v -0.00535663 0.02790098 0.04262741
v -0.00022985 0.02545254 0.02313067
v -0.00968237 0.03010814 0.04576756
v -0.00854548 0.02961020 0.04519667
v 0.00758855 0.01940241 0.01763900
v 0.00360618 0.02496188 0.02983912
v 0.00341771 0.02495562 0.03047408
v 0.00311737 0.02635567 0.02650275
v 0.00269995 0.02682303 0.02740486
v 0.00225369 0.02662824 0.02542676
v -0.00425609 0.02675025 0.02406611
v -0.00458272 0.02614616 0.02364041
v -0.00491788 0.02662234 0.02420743
v -0.00323583 0.02667056 0.02352478
v -0.00356902 0.02619927 0.02324750
v 0.00157516 0.02641182 0.02441110
v 0.00118200 0.02572464 0.02385112
v -0.00107557 0.02590023 0.02299513
v -0.00188737 0.02559476 0.02287753
v -0.00202716 0.02641849 0.02311547
v -0.00545402 0.02618449 0.02423807
v -0.00598778 0.02622442 0.02476170
v 0.00373523 0.02468626 0.02904679
v 0.00219087 0.02608679 0.03226938
v 0.00189607 0.02672027 0.03188111
v 0.00259362 0.02642636 0.03151734
v 0.00116275 0.02677106 0.03242977
v 0.00213472 0.02678971 0.03128221
v 0.00267057 0.02680724 0.03006585
v -0.00698902 0.02477966 0.02583386
v 0.00278537 0.02610676 0.02562328
v 0.00250439 0.02561401 0.02506026
v 0.00322740 0.02547716 0.02622714
v -0.00062455 0.02614390 0.02314545
v -0.00632353 0.02667986 0.02577635
v -0.00686683 0.02645891 0.02625259
v 0.00025157 0.02669285 0.03319629
v 0.00062166 0.02682136 0.03262372
v 0.00189821 0.02574860 0.02441533
v -0.00034924 0.02641820 0.03374084
v 0.00367538 0.02548729 0.02928046
v -0.00088616 0.02577095 0.03408779
v -0.00120084 0.02506022 0.03421022
v 0.00317471 0.02492266 0.03105159
v 0.00260804 0.02559309 0.03190698
v -0.00165050 0.02565859 0.03420426
v -0.01329799 0.02981554 0.02930471
v 0.00354896 0.02504717 0.02704575
v 0.00228028 0.02491836 0.03237589
v 0.00155888 0.02504115 0.03304650
v 0.00265620 0.02481167 0.03191676
v 0.00258182 0.02280657 0.03199704
v 0.00192784 0.02650742 0.02484753
v -0.00094529 0.02670776 0.02351989
v 0.00314830 0.02483182 0.02599181
v 0.00768362 0.01761549 0.03744145
v -0.01293982 0.02261923 0.02149953
v -0.01322008 0.02233224 0.02095183
v -0.01053949 0.02230208 0.03864016
v -0.01068862 0.02176212 0.03899611
v -0.02526541 0.03064380 0.03393097
v -0.02513154 0.03015928 0.03379364
v -0.00251830 0.02549349 0.02289756
v -0.01313992 0.01791989 0.02128627
v -0.01224799 0.02105133 0.02006169
v -0.01598163 0.03059612 0.02968826
v -0.00530656 0.02751373 0.02911717
v 0.00763140 0.01842122 0.01889153
v 0.00771229 0.01934700 0.01816013
v -0.00370617 0.02289824 0.02310713
v 0.00718973 0.02249144 0.01754084
v -0.01119162 0.02207332 0.03859646
v -0.00963236 0.01898615 0.03912039
v 0.00973044 0.02160101 0.03644921
v 0.00971804 0.02143400 0.03725250
v -0.00635476 0.02578639 0.02500685
v -0.00248595 0.01752274 0.02944986
v -0.00223271 0.01752250 0.02955475
v -0.00196095 0.01752250 0.02959053
v -0.00168919 0.01752396 0.02955475
v -0.00297517 0.01753823 0.02826877
v -0.00301095 0.01753415 0.02854053
v -0.00287028 0.01752700 0.02906553
v -0.00270341 0.01752441 0.02928299
v -0.00297517 0.01753032 0.02881229
v -0.00143595 0.01752636 0.02944986
v -0.00287028 0.01754228 0.02801553
v -0.00270341 0.01754602 0.02779807
v -0.00122088 0.01755104 0.02780101
v -0.00143595 0.01755282 0.02763121
v -0.00094673 0.01754523 0.02826877
v -0.00091095 0.01754140 0.02854053
v -0.00196095 0.01755306 0.02749053
v -0.00223271 0.01755160 0.02752631
v -0.00168919 0.01755347 0.02752631
v -0.00105162 0.01754856 0.02801553
v -0.00094673 0.01753733 0.02881229
v -0.00105162 0.01753328 0.02906553
v -0.00248595 0.01754920 0.02763121
v -0.00119860 0.01755084 0.02782398
v -0.00121849 0.01752954 0.02928299
v -0.01323761 0.01827734 0.02072640
v -0.01343549 0.01834815 0.02140423
v -0.01279701 0.01840793 0.02033283
v -0.01279778 0.02169965 0.02029480
v -0.01218737 0.02171527 0.02011515
v 0.00764762 0.01870631 0.01827362
v 0.00709782 0.02269308 0.01802316
v 0.00951705 0.02106628 0.03766682
v 0.00925592 0.02149366 0.03786828
v 0.00930206 0.01793926 0.03752675
v 0.00265930 0.02667926 0.03087945
v -0.00133948 0.02647643 0.02318289
v -0.00414033 0.02576386 0.02333410
v -0.00655092 0.02624856 0.02547057
f 1 2 3
f 4 5 1
f 3 6 7
f 4 8 5
f 9 10 8
f 11 12 13
f 13 14 10
f 15 16 12
f 16 17 18
f 17 16 19
f 20 21 22
f 21 20 23
f 24 25 26
f 25 24 22
f 26 27 28
f 27 26 29
f 30 31 32
f 33 34 35
f 34 33 27
f 36 37 31
f 38 37 36
f 39 38 40
f 39 40 30
f 41 30 32
f 42 43 44
f 45 46 47
f 48 42 49
f 50 51 52
f 51 50 53
f 54 55 56
f 57 58 59
f 60 61 62
f 63 64 65
f 66 67 68
f 68 65 69
f 70 49 71
f 72 73 74
f 75 76 77
f 76 75 78
f 76 78 79
f 80 81 82
f 83 84 85
f 86 87 88
f 89 90 91
f 91 90 92
f 92 93 94
f 95 96 97
f 98 99 100
f 99 101 102
f 101 103 104
f 105 106 107
f 108 107 109
f 105 7 106
f 110 111 112
f 113 114 115
f 115 114 116
f 117 118 119
f 120 121 122
f 121 123 124
f 123 109 125
f 106 126 127
f 128 129 130
f 131 130 132
f 133 134 135
f 135 136 137
f 136 138 139
f 140 132 141
f 142 143 144
f 21 145 146
f 145 21 18
f 147 148 149
f 148 147 29
f 34 147 150
f 151 144 152
f 112 153 154
f 148 146 155
f 146 148 25
f 114 156 157
f 109 127 158
f 116 157 159
f 49 42 44
f 70 48 49
f 112 154 156
f 160 70 71
f 49 44 161
f 162 163 164
f 79 164 165
f 164 79 162
f 162 163 164
f 166 162 167
f 162 166 168
f 169 170 171
f 172 170 169
f 173 174 175
f 176 177 178
f 179 180 181
f 182 183 184
f 183 182 185
f 76 186 77
f 186 76 187
f 188 189 190
f 191 182 184
f 192 191 193
f 151 152 194
f 195 196 197
f 196 195 198
f 128 116 129
f 110 112 113
f 140 141 199
f 138 199 139
f 200 197 196
f 201 196 198
f 196 201 202
f 203 201 142
f 201 203 204
f 202 200 196
f 200 202 205
f 204 202 201
f 202 204 206
f 187 192 207
f 67 65 68
f 65 208 69
f 209 210 67
f 211 209 66
f 212 213 214
f 215 216 217
f 218 219 215
f 220 218 212
f 221 220 222
f 44 223 224
f 43 225 223
f 48 226 42
f 227 228 225
f 229 230 231
f 232 50 233
f 186 234 77
f 234 235 236
f 235 175 237
f 238 239 190
f 240 238 60
f 64 241 208
f 191 184 193
f 192 193 207
f 187 207 186
f 242 243 244
f 243 245 246
f 245 247 179
f 67 63 65
f 248 249 250
f 251 252 253
f 232 254 50
f 255 123 121
f 108 109 123
f 107 106 127
f 256 255 257
f 107 127 109
f 7 258 106
f 259 260 261
f 262 190 263
f 264 263 265
f 264 265 266
f 267 268 269
f 270 271 272
f 271 273 274
f 274 273 275
f 276 274 277
f 278 276 188
f 279 280 278
f 281 280 279
f 282 272 280
f 272 274 276
f 209 67 66
f 283 50 52
f 50 283 233
f 284 91 285
f 285 91 286
f 287 91 92
f 91 287 286
f 111 248 153
f 248 111 288
f 57 288 111
f 288 57 59
f 289 290 291
f 290 289 292
f 248 250 153
f 210 63 67
f 293 294 295
f 296 297 298
f 297 296 299
f 300 301 221
f 301 300 172
f 302 303 304
f 299 305 297
f 306 72 307
f 246 181 308
f 309 283 310
f 311 312 313
f 314 315 230
f 65 64 208
f 316 317 64
f 64 317 241
f 318 316 63
f 289 291 319
f 175 174 320
f 321 322 323
f 181 174 173
f 176 324 177
f 260 325 326
f 325 260 241
f 327 328 329
f 259 241 260
f 241 259 208
f 330 181 173
f 331 332 45
f 332 331 85
f 243 333 245
f 333 243 334
f 335 221 336
f 336 222 337
f 337 214 338
f 210 339 318
f 210 209 340
f 209 211 341
f 342 343 216
f 343 344 345
f 344 346 347
f 348 349 350
f 349 348 351
f 267 347 352
f 347 267 353
f 354 307 327
f 307 354 355
f 281 282 280
f 280 276 278
f 276 277 188
f 274 275 277
f 272 271 274
f 237 175 320
f 240 239 238
f 356 240 60
f 357 356 358
f 359 281 279
f 263 190 360
f 273 361 275
f 263 362 265
f 265 363 185
f 189 364 360
f 365 366 364
f 367 178 366
f 280 272 276
f 207 368 186
f 193 369 207
f 368 330 234
f 330 173 235
f 370 371 372
f 373 292 289
f 374 375 376
f 376 377 378
f 379 380 381
f 348 350 382
f 383 384 385
f 383 386 387
f 388 27 33
f 27 388 389
f 27 389 28
f 24 28 390
f 28 24 26
f 391 22 24
f 22 391 20
f 377 299 296
f 375 392 377
f 393 394 375
f 299 392 304
f 394 321 392
f 395 396 110
f 397 398 399
f 398 400 401
f 402 403 404
f 405 404 406
f 407 406 408
f 409 410 411
f 412 411 177
f 177 411 413
f 185 363 183
f 265 362 363
f 263 360 362
f 356 60 358
f 345 347 353
f 217 353 414
f 215 217 213
f 415 416 417
f 416 415 418
f 419 420 421
f 422 304 303
f 304 422 423
f 304 423 299
f 424 413 425
f 413 294 426
f 413 427 425
f 428 294 293
f 429 259 430
f 390 389 431
f 389 390 28
f 391 390 432
f 390 391 24
f 433 434 126
f 158 435 436
f 126 434 435
f 125 158 437
f 124 125 438
f 122 124 439
f 440 122 441
f 442 120 440
f 152 443 444
f 443 152 143
f 444 120 442
f 143 445 443
f 445 143 446
f 445 447 134
f 138 136 135
f 266 265 185
f 61 262 264
f 267 352 268
f 113 112 156
f 375 394 392
f 393 373 394
f 392 321 304
f 394 289 321
f 310 73 72
f 75 77 236
f 58 448 59
f 310 52 73
f 361 449 450
f 283 52 310
f 361 273 451
f 32 31 452
f 140 131 132
f 134 447 135
f 136 453 454
f 137 454 455
f 456 457 139
f 457 458 136
f 459 419 421
f 459 421 460
f 257 255 121
f 460 461 256
f 238 262 61
f 462 463 464
f 463 462 465
f 466 467 464
f 463 464 467
f 468 469 470
f 469 468 471
f 469 471 472
f 468 473 474
f 473 468 470
f 475 473 476
f 473 475 474
f 476 477 475
f 477 476 478
f 478 479 477
f 479 478 480
f 480 481 479
f 481 480 482
f 482 483 481
f 483 482 484
f 484 485 483
f 485 484 486
f 487 488 489
f 488 487 490
f 490 491 488
f 491 490 492
f 492 493 491
f 493 492 494
f 495 496 497
f 498 499 495
f 500 400 398
f 501 398 397
f 502 397 410
f 503 504 505
f 506 505 409
f 507 506 412
f 367 324 176
f 365 507 367
f 508 506 507
f 509 356 357
f 261 509 510
f 260 326 511
f 512 239 240
f 513 514 515
f 516 517 500
f 518 519 520
f 519 518 521
f 521 522 519
f 522 521 523
f 180 524 525
f 524 180 526
f 426 527 528
f 527 426 428
f 529 417 530
f 417 529 415
f 456 531 457
f 454 453 532
f 455 454 533
f 133 455 534
f 419 534 420
f 535 118 117
f 117 119 536
f 536 537 538
f 159 539 535
f 538 540 456
f 153 250 154
f 156 154 541
f 157 542 159
f 156 541 157
f 498 543 449
f 410 397 544
f 545 546 547
f 546 545 548
f 545 549 550
f 549 545 547
f 358 60 62
f 60 238 61
f 262 238 190
f 262 263 264
f 395 110 113
f 128 115 116
f 115 395 113
f 57 111 110
f 551 552 119
f 542 553 551
f 553 554 555
f 219 218 403
f 220 221 556
f 218 220 557
f 130 535 117
f 378 296 294
f 558 559 376
f 560 558 378
f 413 560 294
f 427 561 562
f 562 415 529
f 415 562 561
f 563 529 526
f 529 563 562
f 564 334 243
f 183 564 242
f 367 176 178
f 365 367 366
f 189 365 364
f 362 565 363
f 363 566 183
f 275 361 450
f 317 316 37
f 277 275 567
f 568 569 334
f 570 100 102
f 316 318 513
f 571 102 104
f 188 277 572
f 565 573 566
f 494 520 493
f 520 494 518
f 136 458 453
f 457 574 458
f 12 14 13
f 14 8 10
f 8 575 5
f 3 2 6
f 1 5 2
f 7 6 258
f 255 108 123
f 256 461 255
f 460 421 461
f 576 577 578
f 577 576 579
f 132 117 536
f 141 536 538
f 129 159 535
f 199 538 456
f 377 392 299
f 133 137 455
f 419 133 534
f 580 581 582
f 583 584 585
f 584 583 586
f 586 583 323
f 586 323 322
f 586 322 319
f 586 319 291
f 586 291 290
f 586 290 581
f 586 581 580
f 587 462 588
f 462 587 465
f 466 469 472
f 469 466 467
f 271 270 589
f 273 271 590
f 505 410 409
f 450 591 504
f 504 502 505
f 592 593 594
f 593 592 339
f 595 596 597
f 596 595 593
f 45 224 598
f 224 45 332
f 599 600 371
f 600 599 601
f 371 602 603
f 602 371 600
f 86 385 160
f 385 86 604
f 160 384 70
f 384 160 385
f 326 605 359
f 605 326 325
f 80 252 81
f 252 80 253
f 606 233 283
f 233 606 607
f 328 74 54
f 74 328 72
f 608 609 610
f 609 608 94
f 611 608 251
f 608 611 94
f 429 208 259
f 208 429 69
f 612 211 66
f 211 612 226
f 227 66 68
f 66 227 612
f 43 612 227
f 612 43 42
f 62 264 266
f 264 62 61
f 98 269 99
f 269 98 267
f 613 614 615
f 614 613 616
f 617 616 613
f 616 617 618
f 619 618 617
f 618 619 620
f 621 620 619
f 620 621 622
f 623 624 622
f 624 623 145
f 17 625 624
f 625 17 626
f 627 628 19
f 627 19 15
f 627 15 574
f 629 13 9
f 458 11 629
f 532 9 4
f 630 3 631
f 533 1 630
f 533 532 4
f 420 631 105
f 425 562 563
f 427 562 425
f 295 35 632
f 35 295 33
f 33 295 388
f 295 633 634
f 633 295 632
f 387 386 635
f 387 635 601
f 380 387 381
f 572 508 189
f 325 317 38
f 565 366 573
f 573 178 636
f 568 636 569
f 116 159 129
f 114 157 116
f 113 156 114
f 111 153 112
f 35 150 632
f 150 35 34
f 34 29 147
f 29 34 27
f 29 25 148
f 25 29 26
f 22 146 25
f 146 22 21
f 23 18 21
f 18 23 16
f 12 16 23
f 154 553 541
f 157 541 542
f 419 459 134
f 142 637 143
f 198 446 637
f 579 638 577
f 638 579 639
f 639 640 638
f 640 639 641
f 641 642 640
f 642 641 643
f 643 644 642
f 644 643 645
f 645 646 644
f 646 645 647
f 648 649 650
f 649 648 651
f 54 652 653
f 54 56 652
f 399 559 558
f 544 558 560
f 411 560 413
f 654 655 656
f 657 658 654
f 659 660 657
f 655 661 662
f 658 663 655
f 660 452 658
f 661 664 665
f 663 666 661
f 452 515 663
f 497 667 668
f 103 370 372
f 370 103 101
f 99 370 101
f 370 99 269
f 669 98 100
f 98 669 414
f 414 267 98
f 267 414 353
f 90 670 88
f 670 90 89
f 93 88 83
f 88 93 90
f 87 160 71
f 160 87 86
f 84 71 161
f 71 84 87
f 83 87 84
f 87 83 88
f 671 96 672
f 96 671 97
f 673 358 62
f 358 673 674
f 674 673 675
f 676 62 266
f 62 676 673
f 304 323 583
f 323 304 321
f 321 319 322
f 319 321 289
f 667 677 678
f 677 667 496
f 528 679 418
f 679 528 527
f 680 500 501
f 591 501 502
f 681 682 516
f 543 516 680
f 449 680 591
f 664 683 684
f 666 685 664
f 515 514 666
f 686 654 687
f 688 657 686
f 589 659 688
f 497 689 681
f 495 681 543
f 370 268 599
f 268 370 269
f 370 599 371
f 104 103 690
f 102 101 104
f 100 99 102
f 93 609 94
f 90 93 92
f 284 89 91
f 670 86 88
f 84 332 85
f 609 83 85
f 83 609 93
f 691 95 97
f 96 692 693
f 692 96 95
f 692 675 693
f 676 182 191
f 672 192 187
f 373 289 394
f 374 393 375
f 376 375 377
f 378 377 296
f 559 374 376
f 558 376 378
f 560 378 294
f 346 694 379
f 694 346 695
f 695 348 694
f 348 695 351
f 694 696 380
f 696 694 348
f 383 382 384
f 382 383 696
f 697 698 699
f 698 697 700
f 700 556 698
f 556 700 557
f 701 702 703
f 702 701 699
f 699 704 702
f 704 699 698
f 698 301 704
f 301 698 556
f 228 68 69
f 68 228 227
f 325 38 605
f 317 37 38
f 316 513 37
f 163 97 164
f 97 163 691
f 691 163 705
f 706 225 707
f 225 706 223
f 707 228 708
f 228 707 225
f 268 601 599
f 601 268 381
f 352 381 268
f 381 352 379
f 332 161 224
f 161 332 84
f 182 266 185
f 266 182 676
f 229 104 690
f 104 229 709
f 571 104 709
f 603 710 312
f 710 603 602
f 711 341 349
f 712 711 351
f 344 695 346
f 713 712 344
f 596 343 342
f 593 713 596
f 340 593 339
f 341 714 340
f 711 713 714
f 183 566 564
f 363 565 566
f 672 693 715
f 693 672 96
f 81 716 82
f 608 252 251
f 717 385 604
f 385 717 386
f 284 718 89
f 718 284 719
f 89 720 670
f 720 89 718
f 670 604 86
f 604 670 720
f 583 302 304
f 302 583 585
f 721 722 723
f 722 721 717
f 724 720 718
f 720 724 722
f 723 724 725
f 724 723 722
f 725 726 232
f 726 725 724
f 690 314 230
f 314 690 103
f 103 311 314
f 311 103 372
f 299 423 305
f 413 426 427
f 727 660 659
f 270 727 659
f 31 515 452
f 318 339 513
f 32 452 660
f 361 451 498
f 361 498 449
f 271 589 590
f 273 590 451
f 495 497 681
f 498 495 543
f 410 544 411
f 397 399 544
f 398 401 399
f 728 403 402
f 402 404 405
f 405 406 407
f 702 169 171
f 169 702 704
f 703 171 729
f 171 703 702
f 412 409 411
f 177 413 424
f 294 296 295
f 300 221 335
f 75 236 237
f 75 237 320
f 505 502 410
f 450 449 591
f 504 591 502
f 728 219 403
f 218 557 403
f 221 301 556
f 220 556 557
f 424 563 730
f 563 424 425
f 730 526 180
f 526 730 563
f 438 125 731
f 427 528 561
f 528 427 426
f 548 732 546
f 732 548 733
f 164 671 165
f 671 164 97
f 598 223 706
f 223 598 224
f 552 628 627
f 552 627 540
f 649 734 735
f 734 649 651
f 735 736 737
f 736 735 734
f 738 739 740
f 739 738 741
f 739 742 740
f 742 739 743
f 443 460 256
f 257 121 120
f 445 459 460
f 303 584 422
f 584 303 302
f 584 302 585
f 550 586 580
f 586 550 549
f 446 198 195
f 447 197 138
f 197 447 195
f 57 396 58
f 396 57 110
f 744 745 746
f 745 744 747
f 541 553 542
f 748 749 750
f 751 750 752
f 753 754 755
f 756 757 753
f 754 758 755
f 759 760 754
f 761 762 763
f 762 761 764
f 765 766 767
f 768 767 769
f 770 769 771
f 772 773 774
f 773 772 775
f 776 777 778
f 777 776 779
f 780 781 782
f 782 783 784
f 785 786 787
f 785 787 784
f 788 789 786
f 790 791 789
f 792 793 791
f 794 795 793
f 796 797 798
f 797 794 799
f 800 796 801
f 802 800 803
f 804 766 765
f 765 767 768
f 805 806 807
f 808 770 809
f 770 808 810
f 811 763 812
f 763 811 761
f 813 768 810
f 814 804 815
f 816 817 818
f 819 820 821
f 822 823 824
f 825 826 827
f 828 829 830
f 829 828 831
f 832 833 831
f 834 835 832
f 836 837 838
f 829 839 840
f 839 829 841
f 842 839 843
f 839 842 844
f 845 846 751
f 461 847 108
f 420 105 847
f 426 294 428
f 727 32 660
f 270 659 589
f 31 513 515
f 531 627 574
f 540 627 531
f 532 629 9
f 534 630 631
f 539 551 118
f 118 551 119
f 551 555 848
f 849 850 851
f 850 849 852
f 853 522 523
f 522 853 854
f 853 855 854
f 855 853 856
f 857 855 856
f 855 857 858
f 859 860 861
f 860 859 862
f 863 862 859
f 862 863 864
f 865 866 867
f 866 865 868
f 868 869 866
f 869 868 870
f 743 489 742
f 489 743 487
f 576 852 849
f 852 576 578
f 616 745 614
f 745 616 746
f 618 746 616
f 746 618 871
f 620 871 618
f 871 620 625
f 622 625 620
f 625 622 624
f 626 871 625
f 871 626 872
f 628 872 626
f 872 628 848
f 527 293 873
f 293 527 428
f 527 874 679
f 874 527 873
f 399 401 559
f 544 399 558
f 411 544 560
f 656 655 662
f 654 658 655
f 657 660 658
f 662 661 665
f 655 663 661
f 658 452 663
f 665 664 684
f 661 666 664
f 663 515 666
f 497 496 667
f 495 499 496
f 498 451 499
f 496 875 677
f 875 496 499
f 338 876 877
f 745 878 879
f 878 745 747
f 249 880 250
f 881 206 204
f 206 881 882
f 883 204 203
f 204 883 881
f 883 151 884
f 151 883 203
f 885 886 887
f 886 885 888
f 887 889 890
f 889 887 886
f 882 891 206
f 891 882 892
f 893 894 895
f 894 893 896
f 893 897 898
f 897 893 899
f 899 893 895
f 898 900 901
f 900 898 902
f 903 896 893
f 896 903 904
f 904 903 905
f 905 903 906
f 906 903 907
f 890 908 909
f 908 890 889
f 910 876 911
f 876 910 877
f 912 877 910
f 877 912 913
f 914 915 916
f 915 914 917
f 909 917 914
f 917 909 908
f 918 919 920
f 919 918 921
f 898 922 902
f 922 898 897
f 916 913 912
f 913 916 915
f 911 907 903
f 907 911 923
f 923 911 924
f 924 911 876
f 888 921 918
f 921 888 885
f 898 925 926
f 925 898 901
f 927 928 929
f 928 927 930
f 931 932 882
f 933 932 931
f 934 929 933
f 929 934 927
f 935 926 936
f 926 935 937
f 938 937 935
f 937 938 939
f 940 884 941
f 884 940 883
f 942 943 940
f 943 942 944
f 887 945 885
f 171 170 729
f 729 946 947
f 946 729 170
f 292 948 949
f 948 292 950
f 950 292 951
f 951 292 952
f 952 292 373
f 952 373 953
f 953 373 393
f 953 393 467
f 953 467 954
f 467 393 469
f 469 393 470
f 470 393 473
f 473 393 476
f 476 393 478
f 478 393 480
f 480 393 482
f 482 393 484
f 484 393 374
f 484 374 486
f 486 374 955
f 955 374 956
f 956 374 957
f 957 374 958
f 958 374 959
f 959 374 861
f 861 374 859
f 374 960 736
f 960 374 741
f 741 374 739
f 739 374 743
f 743 374 559
f 743 559 487
f 487 559 490
f 490 559 492
f 492 559 494
f 494 559 518
f 518 559 521
f 521 559 523
f 523 559 853
f 853 559 856
f 856 559 857
f 857 559 851
f 851 559 849
f 849 559 961
f 961 559 947
f 947 559 703
f 703 559 701
f 701 559 962
f 962 559 408
f 408 559 407
f 407 559 963
f 963 559 964
f 964 559 965
f 965 559 684
f 684 559 665
f 665 559 662
f 662 559 401
f 662 401 656
f 656 401 687
f 687 401 400
f 687 400 517
f 687 517 682
f 687 682 689
f 687 689 668
f 687 668 678
f 678 668 667
f 703 729 947
f 961 465 954
f 463 954 465
f 467 954 463
f 961 465 587
f 961 587 966
f 961 966 967
f 961 967 968
f 961 968 870
f 961 870 868
f 961 868 865
f 961 865 863
f 961 863 859
f 961 859 374
f 961 374 736
f 961 736 734
f 961 734 651
f 961 651 648
f 961 648 647
f 961 647 645
f 961 645 643
f 961 643 641
f 961 641 639
f 961 639 579
f 961 579 576
f 961 576 849
f 969 970 971
f 970 969 972
f 973 971 974
f 971 973 969
f 975 974 976
f 974 975 973
f 929 975 977
f 975 929 928
f 932 892 882
f 933 977 932
f 977 933 929
f 930 939 938
f 939 930 978
f 943 882 881
f 882 943 931
f 935 979 980
f 979 935 936
f 938 980 981
f 980 938 935
f 930 981 928
f 981 930 938
f 927 978 930
f 978 927 982
f 933 931 943
f 934 933 944
f 934 982 927
f 982 934 983
f 940 881 883
f 881 940 943
f 945 983 942
f 887 983 945
f 942 941 945
f 941 942 940
f 984 510 357
f 510 984 708
f 510 708 430
f 430 708 429
f 360 364 362
f 364 366 565
f 366 178 573
f 573 636 568
f 334 569 333
f 708 69 429
f 69 708 228
f 231 985 355
f 570 669 100
f 669 570 986
f 669 986 987
f 669 987 338
f 352 346 379
f 346 352 347
f 232 988 254
f 988 232 726
f 989 284 285
f 284 989 719
f 82 705 163
f 705 82 691
f 691 82 716
f 679 990 991
f 990 679 874
f 992 993 994
f 993 992 995
f 685 996 995
f 996 685 514
f 874 997 990
f 997 874 998
f 998 999 997
f 999 998 1000
f 999 1000 1001
f 282 41 727
f 245 179 246
f 243 246 244
f 242 244 184
f 1002 622 621
f 622 1002 623
f 149 1003 150
f 1003 623 1002
f 623 1003 155
f 181 525 174
f 174 525 1004
f 1000 998 1005
f 957 1006 956
f 1006 957 1007
f 957 1008 1007
f 1008 957 958
f 959 1008 958
f 1008 959 1009
f 959 860 1009
f 860 959 861
f 566 568 564
f 119 552 537
f 537 552 540
f 542 551 539
f 572 567 503
f 567 504 503
f 503 505 506
f 281 39 41
f 359 605 39
f 326 359 1010
f 14 575 8
f 2 433 6
f 5 575 2
f 6 433 258
f 106 258 126
f 486 1011 485
f 1011 486 955
f 955 1006 1011
f 1006 955 956
f 870 1012 869
f 1012 870 968
f 630 1 3
f 533 4 1
f 631 7 105
f 847 107 108
f 847 105 107
f 461 108 255
f 421 847 461
f 421 420 847
f 311 371 603
f 371 311 372
f 312 607 606
f 607 312 710
f 458 629 453
f 457 531 574
f 574 11 458
f 456 540 531
f 453 629 532
f 454 532 533
f 455 533 630
f 534 455 630
f 534 631 420
f 535 539 118
f 647 650 646
f 650 647 648
f 737 960 1013
f 960 737 736
f 738 960 741
f 960 738 1013
f 857 850 858
f 850 857 851
f 865 864 863
f 864 865 867
f 872 746 871
f 746 872 744
f 848 744 872
f 744 848 555
f 552 848 628
f 551 848 552
f 553 555 551
f 555 747 744
f 747 555 554
f 151 142 144
f 142 151 203
f 142 198 637
f 198 142 201
f 439 124 438
f 122 439 1014
f 441 122 1014
f 442 440 441
f 194 444 442
f 444 194 152
f 143 152 144
f 143 637 446
f 445 195 447
f 195 445 446
f 447 138 135
f 214 669 338
f 222 214 337
f 221 222 336
f 333 247 245
f 564 243 242
f 183 242 184
f 636 730 569
f 569 730 333
f 247 180 179
f 181 180 525
f 329 328 54
f 324 412 177
f 177 424 730
f 636 177 730
f 178 177 636
f 131 128 130
f 138 140 199
f 564 568 334
f 566 573 568
f 732 1015 1016
f 1015 732 733
f 1016 1015 954
f 1015 733 1017
f 961 1016 954
f 961 946 1016
f 946 961 947
f 1018 1019 675
f 1020 1021 1022
f 1021 1020 46
f 1019 706 1023
f 706 1019 1022
f 706 1022 1021
f 706 1021 598
f 46 598 1021
f 598 46 45
f 1024 249 248
f 614 879 1025
f 879 614 745
f 197 395 115
f 1026 1027 1028
f 514 1029 996
f 1029 514 1030
f 197 115 128
f 1031 1032 728
f 1032 1033 728
f 197 128 131
f 197 140 138
f 197 131 140
f 950 1034 1035
f 1034 950 951
f 952 1036 1037
f 1036 952 953
f 953 1017 1036
f 1017 953 1015
f 954 1015 953
f 948 1038 949
f 1038 948 1039
f 582 949 1038
f 949 582 581
f 1040 1041 592
f 1042 1032 1031
f 885 945 921
f 292 581 290
f 581 292 949
f 951 1037 1034
f 1037 951 952
f 1043 1033 1032
f 1033 1043 1044
f 1044 1043 1045
f 1046 1040 592
f 1046 592 594
f 950 1039 948
f 1039 950 1035
f 59 1047 288
f 1047 59 1048
f 288 1024 248
f 1024 288 1047
f 880 878 747
f 880 747 554
f 1049 1050 1051
f 1050 1049 615
f 936 1052 979
f 1052 936 1053
f 936 925 1053
f 925 936 926
f 59 448 1048
f 615 1025 1050
f 1025 615 614
f 513 1041 514
f 1041 513 592
f 592 513 339
f 1043 1027 1045
f 1027 1043 1028
f 1046 1028 1043
f 1028 1046 1026
f 1027 1054 1045
f 1054 1027 1046
f 1046 1027 1026
f 1055 1042 1031
f 1040 1041 592
f 1040 1041 592
f 1029 1056 996
f 499 590 875
f 590 499 451
f 677 688 686
f 688 677 875
f 875 589 688
f 589 875 590
f 570 102 571
f 70 382 48
f 382 70 384
f 1057 342 1058
f 342 1057 596
f 342 1059 1058
f 1033 1044 728
f 219 1044 342
f 1044 219 728
f 342 1044 1059
f 596 1057 597
f 593 595 594
f 1045 1059 1044
f 1059 1045 1054
f 1054 1058 1059
f 1058 1054 1046
f 1060 78 1061
f 78 1060 79
f 1062 1063 1064
f 1063 1062 524
f 524 1062 1004
f 524 1004 525
f 200 1065 197
f 1065 200 1066
f 891 778 205
f 778 891 776
f 205 1066 200
f 1066 205 778
f 1067 1004 1062
f 1004 1067 1068
f 1069 1070 1071
f 1070 1069 1072
f 1061 1068 1067
f 1068 1061 78
f 1073 925 1074
f 925 1073 1053
f 1075 1053 1073
f 1053 1075 1052
f 1052 1072 1069
f 1072 1052 1075
f 1076 197 1065
f 197 1076 448
f 197 448 58
f 892 776 891
f 776 892 1077
f 1077 892 1078
f 1077 1078 1079
f 1079 1078 976
f 1079 976 1080
f 1080 976 974
f 1080 974 1081
f 1081 974 971
f 1081 971 1082
f 1082 971 970
f 1082 970 1083
f 1083 970 1071
f 1083 1071 1070
f 56 1084 1085
f 1084 56 1086
f 991 1087 1088
f 1087 991 990
f 990 1089 1087
f 1089 990 997
f 416 1088 1090
f 1088 416 991
f 417 1090 1091
f 1090 417 416
f 524 1092 1063
f 1092 524 530
f 530 1091 1092
f 1091 530 417
f 999 1089 997
f 1089 999 1093
f 1094 1095 1096
f 1095 1094 1097
f 1097 1094 1098
f 1098 1094 1099
f 1098 1099 1100
f 1100 1099 1101
f 1100 1101 1102
f 1102 1101 1103
f 1102 1103 1093
f 1102 1093 1104
f 1104 1093 999
f 1104 999 1105
f 1105 999 1051
f 1051 999 1049
f 1049 999 1106
f 1106 999 1107
f 1107 999 1001
f 1107 1001 1108
f 1108 1001 1000
f 1108 1000 1005
f 1108 1005 1109
f 1109 1005 633
f 1109 633 1110
f 1110 633 632
f 1110 632 150
f 901 1074 925
f 1074 901 1111
f 901 1112 1111
f 1112 901 1084
f 1084 901 1085
f 1085 901 1113
f 1114 1115 1116
f 1115 1114 1117
f 1041 1030 514
f 1046 1057 1058
f 1057 1046 597
f 597 1046 595
f 595 1046 594
f 1046 1041 1040
f 1041 1046 1030
f 1030 1046 1029
f 1029 1046 1056
f 1056 1046 1043
f 1056 1043 1055
f 1055 1043 1042
f 1042 1043 1032
f 979 1069 972
f 1069 979 1052
f 972 1071 970
f 1071 972 1069
f 675 1023 674
f 1023 675 1019
f 1023 1118 674
f 674 984 358
f 984 674 1118
f 984 357 358
f 229 904 905
f 904 229 231
f 709 905 906
f 229 905 709
f 327 922 897
f 329 922 327
f 336 913 915
f 337 913 336
f 890 982 983
f 982 890 909
f 890 983 887
f 380 383 387
f 383 380 696
f 1119 1010 512
f 1010 1119 511
f 81 1120 1121
f 1120 81 252
f 1122 46 1020
f 46 1122 47
f 1123 1122 1124
f 1122 1123 1121
f 1121 47 1122
f 47 1121 1120
f 600 721 602
f 721 600 635
f 635 717 721
f 717 635 386
f 965 992 964
f 992 965 683
f 683 995 992
f 995 683 685
f 964 994 963
f 994 964 992
f 995 1031 993
f 1031 995 996
f 963 405 407
f 405 963 994
f 994 402 405
f 402 994 993
f 993 728 402
f 728 993 1031
f 684 683 965
f 664 685 683
f 666 514 685
f 687 654 656
f 686 657 654
f 688 659 657
f 497 668 689
f 500 517 400
f 501 500 398
f 502 501 397
f 516 682 517
f 680 516 500
f 591 680 501
f 681 689 682
f 543 681 516
f 449 543 680
f 962 699 701
f 699 962 697
f 715 673 676
f 673 715 693
f 192 715 191
f 715 192 672
f 678 686 687
f 686 678 677
f 408 697 962
f 697 408 406
f 406 700 697
f 700 406 404
f 404 557 700
f 557 404 403
f 704 172 169
f 172 704 301
f 601 635 600
f 381 387 601
f 508 365 189
f 572 503 508
f 567 450 504
f 314 313 315
f 313 314 311
f 309 312 606
f 312 309 313
f 315 309 306
f 309 315 313
f 306 310 72
f 310 306 309
f 226 349 211
f 349 226 350
f 165 187 76
f 187 165 671
f 356 1119 240
f 1119 356 509
f 1038 580 582
f 580 1038 550
f 550 1038 545
f 545 1038 1034
f 545 1034 1037
f 545 1037 548
f 1034 1038 1039
f 1034 1039 1035
f 548 1037 1036
f 548 1036 733
f 733 1036 1017
f 511 1119 509
f 608 610 252
f 1120 331 47
f 331 1120 610
f 331 45 47
f 1020 1018 1124
f 1121 1123 716
f 602 723 710
f 717 604 720
f 724 718 719
f 607 232 233
f 710 725 607
f 725 710 723
f 230 315 985
f 311 603 312
f 309 606 283
f 307 72 328
f 985 306 307
f 306 985 315
f 246 179 181
f 308 181 330
f 235 173 175
f 234 330 235
f 186 368 234
f 207 369 368
f 184 369 193
f 244 308 369
f 369 308 368
f 213 414 669
f 418 991 416
f 991 418 679
f 526 530 524
f 530 526 529
f 884 194 919
f 194 884 151
f 1125 1126 653
f 900 1126 1125
f 337 877 913
f 338 877 337
f 329 902 922
f 902 329 900
f 1126 900 329
f 335 915 917
f 336 915 335
f 652 1085 1113
f 56 1085 652
f 354 899 895
f 327 899 354
f 986 923 924
f 570 923 986
f 570 907 923
f 570 906 907
f 570 709 906
f 709 570 571
f 231 896 904
f 231 894 896
f 355 894 231
f 653 1127 1125
f 652 1127 653
f 300 908 889
f 300 917 908
f 335 917 300
f 48 350 226
f 350 48 382
f 188 572 189
f 277 567 572
f 275 450 567
f 278 188 239
f 279 278 512
f 359 279 1010
f 39 281 359
f 41 282 281
f 282 727 270
f 432 431 1128
f 431 432 390
f 435 434 436
f 158 436 437
f 125 437 731
f 942 934 944
f 942 983 934
f 977 976 1078
f 976 977 975
f 932 1078 892
f 1078 932 977
f 980 972 969
f 972 980 979
f 981 969 973
f 969 981 980
f 928 973 975
f 973 928 981
f 987 876 338
f 987 924 876
f 986 924 987
f 921 945 941
f 355 895 894
f 354 895 355
f 172 920 170
f 172 918 920
f 888 918 172
f 886 888 172
f 889 886 172
f 893 926 937
f 926 893 898
f 903 937 939
f 937 903 893
f 911 939 978
f 939 911 903
f 941 919 921
f 884 919 941
f 909 978 982
f 978 909 914
f 978 914 911
f 911 914 916
f 911 916 912
f 911 912 910
f 549 584 586
f 584 549 422
f 422 549 547
f 546 422 547
f 546 423 422
f 423 546 305
f 305 546 732
f 305 732 297
f 297 732 466
f 466 732 464
f 464 732 462
f 462 732 1016
f 462 1016 588
f 588 1016 1129
f 1129 1016 1130
f 1130 1016 1012
f 1012 1016 869
f 869 1016 866
f 866 1016 867
f 867 1016 864
f 864 1016 862
f 862 1016 860
f 860 1016 737
f 737 1016 735
f 735 1016 649
f 649 1016 650
f 650 1016 646
f 646 1016 644
f 644 1016 642
f 642 1016 640
f 640 1016 638
f 638 1016 577
f 577 1016 578
f 578 1016 852
f 852 1016 850
f 920 946 170
f 946 920 919
f 946 919 437
f 946 437 436
f 946 436 434
f 437 919 731
f 731 919 438
f 438 919 439
f 439 919 1014
f 1014 919 441
f 441 919 442
f 442 919 194
f 466 298 297
f 298 466 472
f 298 472 471
f 298 471 468
f 298 468 1128
f 1128 468 474
f 1128 474 475
f 1128 475 477
f 1128 477 479
f 1128 479 481
f 1128 481 432
f 432 481 483
f 432 483 485
f 432 485 1011
f 432 1011 1006
f 432 1006 1007
f 432 1007 1008
f 432 1008 1009
f 432 1009 860
f 432 860 1013
f 1013 860 737
f 432 1013 738
f 432 738 740
f 432 740 742
f 432 742 489
f 432 489 488
f 432 488 491
f 432 491 493
f 432 493 520
f 432 520 519
f 432 519 522
f 432 522 854
f 432 854 855
f 432 855 858
f 432 858 850
f 432 850 1016
f 432 1016 946
f 432 946 434
f 320 174 1068
f 78 320 1068
f 78 75 320
f 575 391 433
f 391 575 20
f 14 20 575
f 20 14 23
f 295 389 388
f 389 295 431
f 296 431 295
f 296 1128 431
f 296 298 1128
f 247 730 180
f 333 730 247
f 433 432 434
f 432 433 391
f 197 58 396
f 197 396 395
f 996 1055 1031
f 1055 996 1056
f 56 1131 1086
f 1131 56 55
f 51 1132 1133
f 1132 51 53
f 1132 1134 1135
f 1132 1134 1135
f 1136 1137 1138
f 1137 1136 1139
f 1136 1138 1140
f 1116 1140 1141
f 1140 1116 1136
f 1136 1138 1140
f 1116 1141 1142
f 1116 1141 1142
f 1143 287 611
f 1143 287 611
f 1060 1144 1145
f 1146 1060 1145
f 1060 1146 167
f 166 1147 1148
f 80 1149 253
f 1149 80 168
f 1139 1148 1150
f 1148 1139 166
f 1060 1144 1145
f 79 165 76
f 166 1147 1148
f 168 80 82
f 1149 251 253
f 1149 251 253
f 1139 1150 1137
f 167 79 1060
f 79 167 162
f 1139 1150 1137
f 53 50 254
f 988 53 254
f 53 988 1117
f 1116 1143 1136
f 1143 1116 1115
f 1114 1142 1151
f 1142 1114 1116
f 53 1114 1132
f 1114 53 1117
f 1131 1152 1153
f 1131 1154 1152
f 1154 1131 1133
f 1131 1152 1153
f 56 1131 1086
f 1131 56 55
f 1117 988 989
f 166 1155 1147
f 1155 166 167
f 1133 1135 1156
f 1135 1133 1132
f 135 137 133
f 137 136 454
f 141 538 199
f 130 117 132
f 129 535 130
f 134 133 419
f 132 536 141
f 199 456 139
f 139 457 136
f 512 278 239
f 362 364 565
f 464 472 466
f 472 464 471
f 1010 279 512
f 968 1130 1012
f 1130 968 967
f 873 998 874
f 998 873 634
f 1157 1158 1159
f 1160 1161 1162
f 1163 1164 1158
f 773 1165 1166
f 1167 1168 1169
f 1168 1170 1171
f 1172 1173 1174
f 967 1129 1130
f 1129 967 966
f 1125 1127 901
f 900 1125 901
f 652 1113 1127
f 1127 1113 901
f 966 588 1129
f 588 966 587
f 1175 1176 757
f 757 759 754
f 1177 1178 1179
f 1179 1180 1181
f 1181 1180 1182
f 1182 1183 1184
f 1185 1186 1187
f 1188 1189 838
f 834 1188 835
f 1190 1191 836
f 1192 1193 1194
f 1195 1196 1197
f 1198 1199 1196
f 1200 1199 1198
f 1201 1198 1202
f 1203 1204 1205
f 1206 1203 1207
f 1208 1209 1210
f 1211 1212 1213
f 1214 1213 1215
f 1216 1215 845
f 1170 1217 1173
f 1161 1218 1219
f 1219 1220 1221
f 1209 1222 1223
f 1224 1225 1226
f 1227 1226 1228
f 1227 1228 1229
f 1229 1230 1231
f 1230 1232 1231
f 1226 1225 1232
f 1233 1234 1235
f 1234 1233 1236
f 1237 1238 1234
f 1238 1237 1239
f 1240 1241 1239
f 1241 1240 1242
f 1243 1244 1242
f 1244 1243 1245
f 835 1246 1245
f 1247 842 1248
f 842 1247 1249
f 1095 1247 1250
f 1098 1251 1252
f 1251 1098 1100
f 1100 1253 1251
f 1253 1100 1102
f 1102 1254 1253
f 1254 1102 1104
f 768 769 770
f 1255 1256 1257
f 1256 1258 1259
f 1258 1260 1261
f 1262 1263 1264
f 1265 1264 1266
f 1267 1268 1176
f 771 1269 1270
f 1271 1216 1272
f 1273 1211 1274
f 1275 1276 1277
f 1278 1279 1280
f 1281 1282 1283
f 1183 1284 1184
f 1285 1286 1183
f 1287 1286 1285
f 1288 1285 1178
f 1178 1183 1180
f 1202 1195 1289
f 1290 1291 1164
f 1292 1290 1163
f 1293 1292 1163
f 1294 1163 1158
f 1223 1295 1296
f 1222 1297 1223
f 1298 1299 1222
f 1300 1298 1301
f 1302 1300 1301
f 1303 1301 1209
f 1304 1305 1306
f 1281 1283 880
f 1257 1307 1308
f 1309 1310 1311
f 1312 1138 1313
f 1140 1138 1312
f 1067 1062 1314
f 1153 1315 1316
f 1317 1153 1316
f 1151 822 824
f 1104 1318 1254
f 1318 1104 1105
f 1095 1319 1249
f 1319 1095 1097
f 1097 1252 1319
f 1252 1097 1098
f 1320 1282 1281
f 1321 1322 1323
f 1324 1325 759
f 1268 1324 1176
f 1326 802 1327
f 1328 1329 1330
f 1151 824 1331
f 797 799 798
f 1332 1182 1268
f 1268 1184 1324
f 1324 1333 1325
f 1334 1288 1177
f 1335 1287 1288
f 1167 1336 1287
f 1260 1337 1338
f 1220 1339 1340
f 1221 1220 1341
f 1224 1342 1225
f 1227 1224 1226
f 1343 1227 1229
f 1229 1228 1230
f 1231 1232 1344
f 1226 1232 1230
f 1228 1226 1230
f 1345 1346 1347
f 1346 1348 1349
f 1350 1351 1352
f 1348 1353 1351
f 1354 1341 1353
f 1355 1356 1357
f 1358 752 1355
f 1359 751 1358
f 1360 1361 1345
f 1361 1354 1346
f 1334 1362 1335
f 1335 1363 1167
f 1364 1365 1217
f 1363 1366 1364
f 779 1367 777
f 1367 779 1368
f 778 1369 1066
f 1369 778 777
f 1368 1370 1367
f 1370 1368 1371
f 777 1372 1369
f 1372 777 1367
f 1369 1065 1066
f 1373 1374 1375
f 1376 1377 1373
f 1378 1379 1380
f 1381 1382 1383
f 1372 1384 1369
f 1065 1369 1384
f 1385 1386 1387
f 1385 1387 1388
f 1370 1388 1389
f 1375 1374 1390
f 1326 1391 1390
f 1330 1377 1376
f 1383 1382 1328
f 788 786 785
f 1392 785 784
f 790 789 788
f 792 791 790
f 794 793 792
f 1393 1266 1394
f 1395 1396 1381
f 1379 1396 1395
f 1378 1380 1397
f 1200 1398 1399
f 1201 1400 1398
f 1340 1339 1400
f 1401 1402 1403
f 1404 1401 1405
f 1404 1339 1220
f 1291 1406 1407
f 1407 1218 1161
f 1161 1219 1221
f 1204 1408 1409
f 1410 1281 249
f 1363 1364 1168
f 1205 1204 1409
f 1207 1203 1205
f 1212 1206 1207
f 1135 825 1411
f 1261 1260 1338
f 1303 1209 1208
f 1296 1295 1412
f 1223 1297 1295
f 1222 1299 1297
f 1301 1298 1222
f 1413 1300 1302
f 1302 1301 1303
f 1301 1222 1209
f 1380 1414 1320
f 1381 1321 1415
f 1395 1415 1414
f 1380 1320 1416
f 1095 1250 1236
f 1250 1248 1237
f 1248 1250 1247
f 1248 843 1240
f 843 1248 842
f 841 843 839
f 843 841 1243
f 831 841 829
f 841 831 833
f 832 835 833
f 838 837 1246
f 1188 838 835
f 836 1191 837
f 1190 1417 1191
f 1194 1193 1418
f 1419 1194 781
f 1167 1363 1168
f 1169 1168 1171
f 1171 1170 1172
f 1170 1173 1172
f 1364 1217 1170
f 1420 1421 1260
f 1422 1423 1424
f 1425 1426 1427
f 1428 1429 1256
f 1190 1419 1417
f 1430 1392 1193
f 1431 788 1432
f 1430 1432 1392
f 1433 1434 1435
f 1434 1436 1437
f 1436 1438 1439
f 1312 1313 1440
f 1441 1312 1442
f 1443 1441 1442
f 1444 1445 1446
f 1447 772 1448
f 767 1449 1450
f 1134 825 1135
f 1137 1150 1165
f 1366 1365 1364
f 1362 1366 1363
f 1168 1364 1170
f 1218 1451 1452
f 448 1076 1453
f 1454 1203 1206
f 1154 1427 1428
f 1455 1456 1401
f 1457 1458 1459
f 1347 1346 1349
f 1349 1348 1350
f 1348 1351 1350
f 1354 1353 1348
f 1460 1341 1354
f 1461 1460 1361
f 1360 1461 1361
f 1345 1361 1346
f 1346 1354 1348
f 1335 1362 1363
f 1156 1411 1425
f 1411 1156 1135
f 1142 1441 1462
f 1142 1141 1441
f 1441 1140 1312
f 1140 1441 1141
f 1410 1397 1416
f 1397 1410 1463
f 1463 1464 1397
f 1464 1463 1453
f 1465 1466 1467
f 1466 1465 1468
f 1410 1416 1281
f 1469 1470 845
f 1470 1469 1402
f 1356 1471 1472
f 1473 1399 1474
f 752 750 1471
f 749 1475 1471
f 749 1205 1475
f 748 1207 749
f 1213 1212 748
f 1215 1213 846
f 1476 1477 1478
f 1310 1479 1480
f 1479 1481 1480
f 1148 1147 814
f 1152 1154 1428
f 1144 1454 1206
f 1454 1144 1061
f 1061 1144 1060
f 1131 1153 1086
f 1453 1076 1464
f 1361 1460 1354
f 1482 1461 1360
f 1154 1156 1427
f 1156 1425 1427
f 1483 1256 1259
f 1256 1483 1257
f 1459 1332 1267
f 1332 1459 1484
f 1280 1177 1179
f 1177 1280 1485
f 1486 1182 1332
f 1268 1182 1184
f 1324 1184 1333
f 1334 1335 1288
f 1335 1167 1287
f 1167 1169 1336
f 1487 753 1488
f 1488 755 1489
f 1489 1490 1491
f 1492 1358 1355
f 1358 1492 1493
f 1494 774 1304
f 774 1494 772
f 1173 1293 1294
f 1293 1173 1217
f 1174 1294 1157
f 1294 1174 1173
f 1255 1257 1315
f 1473 1474 1199
f 1471 1475 1314
f 1409 1408 1314
f 1495 1496 1497
f 1468 1498 1466
f 1211 1213 1214
f 1214 1215 1216
f 1216 845 1470
f 1341 1220 1340
f 1212 1144 1206
f 1144 1212 1211
f 1340 1400 1201
f 1402 1469 1403
f 1401 1403 1405
f 1404 1405 1339
f 1407 1406 1218
f 1332 1268 1267
f 1267 1176 1175
f 1176 759 757
f 1091 1499 1500
f 1499 1091 1090
f 1501 1502 1503
f 1390 1504 1505
f 1475 1409 1314
f 757 754 753
f 755 758 1490
f 754 760 758
f 759 1325 760
f 1176 1324 759
f 1293 1163 1294
f 1193 1392 783
f 1432 788 785
f 1432 785 1392
f 1431 790 788
f 1506 792 790
f 798 799 1506
f 801 798 1507
f 799 792 1506
f 803 801 1502
f 803 1502 1501
f 1508 1390 1505
f 1509 1375 1508
f 1390 1510 1504
f 1391 1511 1510
f 1326 1512 802
f 1330 1329 1377
f 1225 1513 1232
f 1352 1514 1350
f 1352 1515 1516
f 1349 1517 1347
f 1518 1519 1520
f 1519 1518 1521
f 1522 1523 1524
f 1523 1522 1525
f 1379 1414 1380
f 1526 1527 1528
f 1529 1528 1530
f 1527 1531 1495
f 1528 1495 1468
f 1530 1468 1465
f 1284 1532 1533
f 1532 1284 1286
f 1325 1534 760
f 758 1535 1490
f 760 1536 758
f 1328 1393 1537
f 1538 1539 1540
f 1541 1542 1543
f 1544 1538 1541
f 1545 1539 1544
f 1546 1547 1548
f 1549 1546 1548
f 1546 1549 1500
f 1550 1548 1551
f 1548 1550 1549
f 1552 1358 1493
f 1469 1359 1552
f 1200 1399 1473
f 1201 1398 1200
f 1553 1554 1539
f 1555 1556 1540
f 1556 1555 1557
f 1310 1490 1558
f 1490 1310 1309
f 1559 1531 1560
f 1556 1557 1561
f 1508 1505 834
f 835 838 1246
f 1246 837 1191
f 1191 1417 780
f 1194 1418 781
f 1419 781 1417
f 1193 783 1418
f 1506 790 1431
f 798 1506 1507
f 801 1507 1502
f 1562 1563 1564
f 1563 1562 1565
f 1330 1265 1393
f 1376 1262 1265
f 1383 1537 1321
f 1373 1509 1262
f 1566 1556 1527
f 1327 1511 1391
f 1501 1567 1327
f 1568 1569 1570
f 1569 1568 1571
f 1571 1568 1496
f 1496 1568 1497
f 1497 1568 1498
f 1498 1568 1466
f 1466 1568 1467
f 1467 1568 1572
f 1572 1568 1573
f 1573 1568 1574
f 1219 1452 1575
f 1575 1404 1220
f 1455 1401 1404
f 1576 1542 1526
f 1542 1538 1566
f 1577 1275 1277
f 1279 1485 1280
f 1185 1578 1186
f 1187 1186 1579
f 1234 1580 1235
f 1580 1234 1581
f 1581 1234 1238
f 1239 1582 1238
f 1582 1239 1241
f 1242 1583 1241
f 1583 1242 1244
f 1566 1540 1556
f 1526 1566 1527
f 1529 1526 1528
f 1556 1531 1527
f 1528 1527 1495
f 1378 1584 1585
f 1586 1587 1588
f 1588 1589 1590
f 1591 1592 1534
f 1593 1594 1592
f 1595 1596 1594
f 1197 1597 1598
f 1196 1474 1597
f 1474 1545 1597
f 1599 1600 1601
f 1602 1599 1603
f 1604 1588 1590
f 1605 1586 1588
f 1606 1598 1586
f 1289 1607 1608
f 1531 1609 1560
f 1609 1531 1610
f 1610 1531 1556
f 1611 1612 1545
f 1545 1613 1539
f 1545 1612 1547
f 1614 1553 1539
f 1615 1292 1293
f 1581 1582 1616
f 1582 1581 1238
f 1241 1617 1582
f 1617 1241 1583
f 782 784 1618
f 786 1619 787
f 784 787 1618
f 789 1620 786
f 791 1621 789
f 793 1622 791
f 795 1623 793
f 1624 795 794
f 796 1387 797
f 1387 796 1389
f 797 1624 794
f 800 1389 796
f 1389 800 1625
f 1512 800 802
f 1598 1626 1586
f 1627 1628 1629
f 1628 1627 1630
f 1629 1631 1632
f 1631 1629 1628
f 1406 1451 1218
f 1218 1452 1219
f 1575 1220 1219
f 1448 772 1494
f 1447 775 772
f 775 1447 1440
f 766 1449 767
f 769 1450 1269
f 1450 769 767
f 769 1269 771
f 1272 1216 1470
f 1274 1211 1214
f 1530 1528 1468
f 1576 1526 1529
f 1542 1566 1526
f 1538 1540 1566
f 1543 1542 1576
f 1541 1538 1542
f 1544 1539 1538
f 1587 1541 1543
f 1626 1544 1541
f 1597 1545 1544
f 1633 1634 1635
f 1636 1633 1637
f 1638 1636 1639
f 1635 1640 1641
f 1637 1635 1642
f 1639 1637 1513
f 1641 1643 1644
f 1642 1641 1645
f 1513 1642 1646
f 1600 1647 1648
f 1405 1403 1649
f 1403 1469 1650
f 1351 1515 1352
f 1172 1231 1171
f 1353 1651 1351
f 1652 1493 1653
f 1195 1197 1607
f 1198 1196 1195
f 1200 1473 1199
f 1201 1200 1198
f 1202 1198 1195
f 1164 1291 1407
f 1163 1290 1164
f 1294 1158 1157
f 1162 1161 1221
f 1344 1646 1654
f 1655 1604 1656
f 1657 1605 1604
f 1658 1606 1605
f 1659 1655 1660
f 1661 1657 1655
f 1516 1658 1657
f 1644 1662 1663
f 1645 1644 1664
f 1646 1645 1654
f 1665 1666 1633
f 1667 1665 1636
f 1517 1667 1638
f 1600 1659 1668
f 1599 1661 1659
f 1602 1516 1661
f 1350 1669 1349
f 1607 1197 1598
f 1515 1608 1658
f 1608 1607 1606
f 1286 1670 1671
f 1670 1286 1336
f 1575 1455 1404
f 1378 1585 1379
f 1381 1396 1382
f 1379 1585 1396
f 1464 1378 1397
f 1672 1266 1673
f 1323 1672 1282
f 1282 1674 1283
f 1675 1676 1519
f 1676 1519 1521
f 1675 1523 1525
f 1676 1675 1523
f 1522 1677 1678
f 1677 1522 1679
f 1679 1522 1524
f 1680 1677 1681
f 1677 1680 1678
f 1680 1682 1683
f 1682 1680 1681
f 1682 1684 1683
f 1684 1682 1685
f 1685 1686 1684
f 1686 1685 1687
f 1687 1688 1686
f 1688 1687 1689
f 1689 1690 1688
f 1690 1689 1691
f 1691 1692 1690
f 1692 1691 1693
f 1694 1695 1696
f 1695 1694 1697
f 1697 1698 1695
f 1698 1697 1699
f 1699 1700 1698
f 1700 1699 1701
f 799 794 792
f 800 801 803
f 1570 1560 1609
f 1560 1570 1559
f 1559 1570 1569
f 1632 1574 1568
f 1574 1632 1631
f 1384 1372 1625
f 1374 1384 1512
f 1384 1374 1065
f 1378 1076 1584
f 1076 1378 1464
f 1702 1703 1704
f 1703 1702 1705
f 1706 1323 1282
f 1254 1707 1708
f 1707 1254 1318
f 1253 1708 1709
f 1708 1253 1254
f 1251 1709 1710
f 1709 1251 1253
f 1252 1710 1711
f 1710 1252 1251
f 844 840 839
f 840 844 1711
f 830 840 1712
f 840 830 829
f 1713 831 828
f 1713 832 831
f 1713 834 832
f 1189 836 838
f 1505 1189 1188
f 1437 1439 1714
f 1171 1344 1169
f 1435 1437 1715
f 1341 1716 1353
f 1649 1650 1717
f 1701 1718 1700
f 1718 1701 1719
f 1719 1720 1718
f 1720 1719 1721
f 1721 1722 1720
f 1722 1721 1723
f 1064 1550 1472
f 1550 1064 1063
f 1724 1614 1613
f 1614 1724 1725
f 1092 1500 1549
f 1500 1092 1091
f 1509 1508 1726
f 1723 1727 1722
f 1727 1723 1728
f 1729 1727 1728
f 1727 1729 1730
f 1729 1731 1730
f 1731 1729 1732
f 1733 1734 1735
f 1734 1733 1736
f 1370 1389 1737
f 1372 1737 1625
f 1565 1738 1563
f 1738 1565 1739
f 1739 1740 1738
f 1740 1739 1741
f 1741 1742 1740
f 1742 1741 1743
f 1743 1744 1742
f 1744 1743 1745
f 1708 1704 1703
f 1704 1708 1707
f 1709 1703 1746
f 1703 1709 1708
f 1710 1746 1712
f 1746 1710 1709
f 1711 1712 840
f 1712 1711 1710
f 1747 1712 1746
f 1712 1747 830
f 1748 830 1747
f 830 1748 828
f 1673 1713 828
f 1673 1263 1713
f 1749 1750 1751
f 1750 1749 1752
f 1751 1753 1754
f 1753 1751 1750
f 1755 1756 1757
f 1756 1755 1758
f 1757 1759 1755
f 1759 1757 1760
f 796 798 801
f 1334 1210 1362
f 1210 1334 1208
f 1362 1296 1366
f 1296 1362 1210
f 1210 1223 1296
f 1223 1210 1209
f 1455 1451 1456
f 1451 1455 1452
f 1438 1457 1459
f 1457 1438 1436
f 1434 1478 1477
f 1478 1434 1433
f 1436 1477 1457
f 1477 1436 1434
f 756 1438 1175
f 1438 756 1439
f 1438 1267 1175
f 1267 1438 1459
f 1761 1442 1445
f 1442 1761 1443
f 1445 1440 1447
f 1440 1445 1442
f 1413 1446 1300
f 1446 1413 1444
f 1300 1448 1298
f 1448 1300 1446
f 1446 1447 1448
f 1447 1446 1445
f 1450 1273 1274
f 1273 1450 1449
f 1762 1190 836
f 1763 1192 1194
f 1764 1763 1419
f 1764 1190 1762
f 1503 1430 1192
f 1507 1431 1765
f 1503 1765 1430
f 1613 1614 1539
f 1342 1639 1225
f 1347 1517 1638
f 1232 1646 1344
f 1726 834 1713
f 1263 1726 1713
f 1762 836 1189
f 1567 1192 1763
f 1322 1394 1672
f 1394 1266 1672
f 1672 1748 1674
f 1766 1767 1768
f 1767 1766 1769
f 1374 1326 1390
f 1456 1402 1401
f 1452 1455 1575
f 1458 1484 1459
f 1457 1770 1458
f 1770 1457 1477
f 1476 1770 1477
f 1337 1433 1435
f 1435 1434 1437
f 1437 1436 1439
f 1440 1313 775
f 1442 1312 1440
f 1462 1441 1443
f 1761 1445 1444
f 1745 1771 1744
f 1771 1745 1772
f 1773 1749 1774
f 1749 1773 1752
f 1153 1317 1775
f 1153 1775 1086
f 1299 1304 1776
f 1304 1299 1494
f 1476 1777 1770
f 1777 1476 1778
f 1779 1778 1476
f 1778 1779 818
f 1185 1444 1413
f 1444 1185 1780
f 1578 1413 1302
f 1413 1578 1185
f 1343 1157 1482
f 1157 1343 1174
f 1165 1148 814
f 1148 1165 1150
f 1425 827 1781
f 827 1425 1411
f 1153 1428 1255
f 1428 1153 1152
f 775 1782 773
f 1782 775 1313
f 1313 1137 1782
f 1137 1313 1138
f 1217 1615 1293
f 1615 1217 1365
f 1783 1520 1784
f 1520 1783 1518
f 1785 1784 1786
f 1784 1785 1783
f 1787 1786 1788
f 1786 1787 1785
f 1524 1676 1523
f 1676 1524 1679
f 1159 1162 1461
f 1162 1221 1460
f 1405 1649 1400
f 1375 1390 1508
f 1391 1510 1390
f 1326 1327 1391
f 802 1501 1327
f 1328 1330 1393
f 1330 1376 1265
f 1383 1328 1537
f 1373 1375 1509
f 1376 1373 1262
f 1099 1789 1790
f 1789 1099 1094
f 1500 1724 1546
f 1724 1500 1499
f 1554 1791 1789
f 1791 1554 1553
f 1791 1790 1789
f 1790 1791 1792
f 1087 1790 1792
f 1790 1087 1089
f 1093 1790 1089
f 1790 1093 1101
f 1101 1093 1103
f 1345 1342 1224
f 1355 752 1356
f 1358 751 752
f 1359 845 751
f 1319 1711 844
f 1711 1319 1252
f 1095 1249 1247
f 1249 844 842
f 844 1249 1319
f 1471 1314 1064
f 1314 1062 1064
f 1406 1270 1451
f 1270 1406 1793
f 1270 1793 771
f 1451 1272 1456
f 1272 1451 1270
f 1495 1571 1496
f 1571 1495 1531
f 1468 1497 1498
f 1497 1468 1495
f 1794 1648 1795
f 1648 1794 1601
f 1499 1725 1724
f 1725 1499 1796
f 1548 1612 1551
f 1548 1547 1612
f 1094 1554 1789
f 1554 1094 1096
f 1554 1096 1233
f 1554 1233 1235
f 1554 1235 1580
f 1264 1263 1673
f 1323 1322 1672
f 1716 1289 1651
f 1651 1289 1608
f 1289 1195 1607
f 1360 1224 1227
f 1482 1227 1343
f 1157 1159 1482
f 1246 1191 780
f 781 1418 782
f 1417 781 780
f 1418 783 782
f 1392 784 783
f 1693 1797 1692
f 1797 1693 1798
f 1798 1799 1797
f 1799 1798 1800
f 1801 1788 1802
f 1788 1801 1787
f 1763 1194 1419
f 1764 1419 1190
f 1192 1430 1193
f 1765 1431 1432
f 1765 1432 1430
f 1507 1506 1431
f 1502 1507 1765
f 1502 1765 1503
f 1505 1504 1189
f 1508 834 1726
f 834 1505 1188
f 1509 1726 1263
f 1504 1762 1189
f 1510 1764 1762
f 1511 1763 1764
f 1567 1763 1511
f 1567 1503 1192
f 1537 1394 1322
f 1772 1774 1771
f 1774 1772 1773
f 1803 1753 1804
f 1753 1803 1754
f 1803 1756 1758
f 1756 1803 1804
f 1766 1731 1732
f 1731 1766 1768
f 1805 1806 1807
f 1806 1805 1808
f 1705 1746 1703
f 1746 1705 1747
f 1474 1809 1611
f 1810 1809 1474
f 1399 1810 1474
f 1328 1382 1329
f 1373 1377 1374
f 1552 1493 1652
f 1650 1652 1717
f 1811 1812 1813
f 1812 1811 1814
f 1814 1811 1815
f 1815 1816 1817
f 1816 1815 1811
f 1816 1818 1817
f 1818 1816 1819
f 1820 1821 1822
f 1821 1820 1823
f 1824 1664 1823
f 1664 1824 1654
f 1825 1826 1827
f 1826 1825 1828
f 1535 1828 1825
f 1828 1535 1536
f 1829 1830 1831
f 1830 1829 1827
f 1832 1827 1829
f 1827 1832 1825
f 1558 1825 1832
f 1825 1558 1535
f 1366 1412 1365
f 1412 1366 1296
f 1174 1343 1229
f 1172 1229 1231
f 1171 1231 1344
f 1449 1155 1146
f 1155 1449 766
f 1155 766 1833
f 1295 764 761
f 764 1295 1297
f 1099 1790 1101
f 1800 1834 1799
f 1834 1800 1835
f 1836 1834 1835
f 1834 1836 1837
f 1836 1838 1837
f 1838 1836 1839
f 1733 1838 1839
f 1838 1733 1735
f 1650 1552 1652
f 1266 1264 1673
f 1510 1762 1504
f 1511 1764 1510
f 1327 1567 1511
f 1501 1503 1567
f 1537 1393 1394
f 1393 1265 1266
f 1265 1262 1264
f 1321 1537 1322
f 1262 1509 1263
f 1416 1320 1281
f 1414 1706 1320
f 1415 1321 1323
f 1414 1415 1706
f 1807 1734 1736
f 1734 1807 1806
f 1805 1840 1808
f 1840 1805 1841
f 1841 1802 1840
f 1802 1841 1801
f 1760 1696 1759
f 1696 1760 1694
f 1562 1767 1769
f 1767 1562 1564
f 1674 1747 1705
f 1747 1674 1748
f 1673 828 1748
f 1672 1673 1748
f 1282 1672 1674
f 1283 1705 1702
f 1705 1283 1674
f 1370 1385 1388
f 1385 1370 1371
f 1367 1737 1372
f 1737 1367 1370
f 1622 1621 791
f 793 1842 1622
f 1623 1842 793
f 1624 1623 795
f 797 1386 1624
f 1386 797 1387
f 1389 1388 1387
f 1625 1737 1389
f 1512 1625 800
f 1625 1512 1384
f 1374 1512 1326
f 1487 756 753
f 753 755 1488
f 755 1490 1489
f 1492 1355 1357
f 1552 1359 1358
f 1469 845 1359
f 1810 1653 1809
f 1653 1492 1809
f 1357 1356 1472
f 1471 1064 1472
f 1153 1255 1315
f 1199 1474 1196
f 825 827 1411
f 1843 826 816
f 826 1843 827
f 1420 1260 1258
f 1423 1779 1424
f 1425 1781 1426
f 1428 1256 1255
f 1256 1420 1258
f 1420 1256 1429
f 752 1471 1356
f 750 749 1471
f 1205 1409 1475
f 1207 1205 749
f 1212 1207 748
f 1213 748 846
f 845 1215 846
f 751 846 750
f 1352 1516 1602
f 1349 1669 1517
f 1350 1514 1669
f 1599 1659 1600
f 1602 1661 1599
f 1598 1597 1626
f 1586 1626 1587
f 1588 1587 1589
f 1844 1591 1534
f 1591 1593 1592
f 1593 1595 1594
f 1479 1829 1481
f 1829 1479 1832
f 1481 1831 1845
f 1831 1481 1829
f 1196 1597 1197
f 1474 1611 1545
f 1539 1554 1540
f 1490 1309 1491
f 1454 1204 1203
f 1454 1408 1204
f 1607 1598 1606
f 1515 1658 1516
f 1608 1606 1658
f 1844 1534 1325
f 760 1534 1536
f 1490 1535 1558
f 758 1536 1535
f 1809 1612 1611
f 1612 1809 1551
f 1472 1551 1809
f 1551 1472 1550
f 1621 1846 789
f 1546 1613 1547
f 1613 1546 1724
f 1630 1811 1813
f 1811 1630 1627
f 1273 1146 1145
f 1146 1273 1449
f 1297 1776 764
f 1776 1297 1299
f 1486 1276 1181
f 1276 1486 1277
f 1276 1179 1181
f 1179 1276 1280
f 1276 1278 1280
f 1278 1276 1275
f 1278 1578 1279
f 1578 1278 1186
f 1275 1186 1278
f 1186 1275 1579
f 1159 1160 1162
f 1160 1159 1158
f 1166 814 815
f 814 1166 1165
f 1306 813 810
f 813 1306 1305
f 1644 1663 1664
f 1645 1664 1654
f 1666 1634 1633
f 1665 1633 1636
f 1667 1636 1638
f 1600 1668 1647
f 1604 1590 1656
f 1605 1588 1604
f 1606 1586 1605
f 1655 1656 1660
f 1657 1604 1655
f 1658 1605 1657
f 1659 1660 1668
f 1661 1655 1659
f 1516 1657 1661
f 1827 1847 1830
f 1847 1827 1826
f 1270 1271 1272
f 1271 1270 1269
f 1271 1214 1216
f 1214 1271 1274
f 1665 1795 1666
f 1795 1665 1794
f 1826 1596 1847
f 1596 1826 1594
f 1828 1594 1826
f 1594 1828 1592
f 1536 1592 1828
f 1592 1536 1534
f 1310 1832 1479
f 1832 1310 1558
f 1778 1848 1777
f 1777 1579 1577
f 1202 1340 1201
f 1716 1202 1289
f 1651 1608 1515
f 1421 1422 1424
f 1422 1421 1420
f 1422 1781 1423
f 1781 1422 1426
f 1420 1426 1422
f 1426 1420 1429
f 1429 1427 1426
f 1427 1429 1428
f 1177 1208 1334
f 1208 1177 1485
f 1273 1144 1211
f 1144 1273 1145
f 1160 1407 1161
f 1407 1160 1164
f 1158 1164 1160
f 1782 1165 773
f 774 1166 1305
f 1166 774 773
f 774 1305 1304
f 810 768 770
f 815 804 765
f 1843 816 818
f 820 1780 821
f 822 1849 823
f 1714 1850 1851
f 1714 1851 1852
f 1853 1714 1852
f 1714 1853 1715
f 1261 1854 1855
f 1261 1855 1856
f 1259 1261 1856
f 1317 1857 1858
f 1775 1317 1858
f 1309 1311 1859
f 1309 1859 1860
f 1491 1309 1860
f 1854 1338 1861
f 1338 1854 1261
f 1853 1852 1861
f 1338 1853 1861
f 1257 1308 1862
f 1315 1257 1862
f 1489 1863 1864
f 1488 1489 1864
f 1865 1866 1867
f 1866 1865 1868
f 1866 1869 1867
f 1487 1870 1871
f 878 1704 879
f 1704 878 1702
f 249 1281 880
f 1872 1368 779
f 1368 1872 1873
f 1873 1371 1368
f 1371 1873 1874
f 1371 1875 1385
f 1875 1371 1874
f 1876 1877 1878
f 1877 1876 1869
f 1869 1311 1877
f 1311 1869 1866
f 1077 779 776
f 779 1077 1872
f 1879 1856 1855
f 1856 1879 1880
f 1881 1880 1879
f 1880 1881 1307
f 1307 1881 1308
f 1111 1882 1881
f 1882 1111 1883
f 1884 1852 1851
f 1852 1884 1879
f 1852 1879 1861
f 1861 1879 1854
f 1854 1879 1855
f 1866 1859 1311
f 1859 1866 1868
f 1885 1871 1870
f 1871 1885 1886
f 1885 1864 1887
f 1864 1885 1870
f 1888 1860 1889
f 1860 1888 1863
f 1868 1860 1859
f 1860 1868 1889
f 1890 1891 1892
f 1891 1890 1893
f 1593 1894 1595
f 1894 1593 1822
f 1591 1822 1593
f 1822 1591 1820
f 1844 1820 1591
f 1820 1844 1895
f 1662 1896 1663
f 1187 1579 1848
f 1848 1579 1777
f 1579 1275 1577
f 1716 1340 1202
f 1174 1229 1172
f 1649 1717 1398
f 1717 1810 1399
f 1652 1653 1810
f 1381 1383 1321
f 1395 1381 1415
f 1379 1395 1414
f 1397 1380 1416
f 1096 1236 1233
f 1236 1096 1095
f 1236 1237 1234
f 1237 1236 1250
f 1237 1240 1239
f 1240 1237 1248
f 843 1242 1240
f 1242 843 1243
f 833 1243 841
f 1243 833 1245
f 835 1245 833
f 1320 1706 1282
f 1415 1323 1706
f 802 803 1501
f 1111 1858 1857
f 1111 1857 1883
f 1112 1858 1111
f 1775 1858 1112
f 846 748 750
f 756 1175 757
f 1090 1796 1499
f 1796 1090 1088
f 1063 1549 1550
f 1549 1063 1092
f 1385 1890 1386
f 1890 1385 1875
f 1857 1317 1316
f 1883 1857 1316
f 1488 1864 1870
f 1487 1488 1870
f 1882 1315 1862
f 1315 1882 1883
f 1316 1315 1883
f 1491 1860 1863
f 1489 1491 1863
f 1775 1112 1084
f 1086 1775 1084
f 1483 1880 1307
f 1257 1483 1307
f 1897 1898 1850
f 1714 1897 1850
f 1540 1616 1899
f 1540 1899 1555
f 1357 1472 1809
f 1492 1357 1809
f 1583 1618 1617
f 1618 1583 782
f 1076 1065 1584
f 1584 1065 1585
f 1900 1824 1895
f 1824 1900 1901
f 1902 1670 1903
f 1904 1895 1905
f 155 145 623
f 145 155 146
f 1876 1893 1906
f 1907 1467 1572
f 1467 1907 1465
f 1908 1909 1910
f 1909 1908 1911
f 1912 1913 1905
f 1913 1912 1914
f 1913 1914 1915
f 1916 1670 1902
f 1917 1918 1919
f 1918 1917 1920
f 1919 1921 1922
f 1921 1919 1918
f 1923 1924 1865
f 1924 1923 1921
f 807 806 1925
f 1926 805 807
f 1926 1865 1867
f 1865 1926 1923
f 806 1874 1873
f 1874 806 1927
f 1867 1906 1928
f 1869 1906 1867
f 1929 1928 1906
f 1928 1929 1927
f 1290 812 1291
f 812 1290 811
f 811 1290 1292
f 811 1292 1615
f 1339 1405 1400
f 1400 1649 1398
f 1398 1717 1399
f 1717 1652 1810
f 1493 1492 1653
f 1365 811 1615
f 811 1365 1412
f 1259 1258 1261
f 1487 1439 756
f 1439 1487 1930
f 1439 1930 1897
f 1439 1897 1714
f 1484 1486 1332
f 1486 1484 1277
f 1134 824 825
f 824 1134 1331
f 822 1142 1462
f 1142 822 1151
f 804 1833 766
f 1833 804 1155
f 1155 804 1147
f 1088 1792 1796
f 1792 1088 1087
f 1553 1725 1791
f 1725 1553 1614
f 1072 1931 1932
f 1931 1072 1075
f 1070 1932 1083
f 1932 1070 1072
f 762 771 1793
f 771 762 809
f 1932 1917 1933
f 1917 1932 1931
f 1933 1919 1934
f 1919 1933 1917
f 1934 1922 1935
f 1922 1934 1919
f 1930 1487 1871
f 1930 1871 1898
f 1897 1930 1898
f 1893 1929 1906
f 1259 1856 1880
f 1483 1259 1880
f 1310 1480 1892
f 1310 1892 1891
f 1878 1310 1891
f 1877 1310 1878
f 1311 1310 1877
f 1936 1879 1937
f 1879 1936 1881
f 1937 1884 1938
f 1884 1937 1879
f 1938 1886 1924
f 1886 1938 1884
f 1929 1893 1890
f 1875 1929 1890
f 1924 1868 1865
f 1868 1924 1889
f 1889 1924 1886
f 1889 1886 1888
f 1888 1886 1887
f 1887 1886 1885
f 1609 1568 1570
f 1568 1609 1632
f 1609 1629 1632
f 1627 1629 1609
f 1555 1523 1557
f 1523 1555 1524
f 1524 1555 1679
f 1679 1555 1677
f 1677 1555 1899
f 1677 1899 1681
f 1681 1899 1682
f 1682 1899 1685
f 1685 1899 1687
f 1687 1899 1689
f 1689 1899 1617
f 1689 1617 1691
f 1691 1617 1693
f 1693 1617 1798
f 1798 1617 1800
f 1800 1617 1835
f 1835 1617 1836
f 1836 1617 1839
f 1839 1617 1733
f 1733 1617 1736
f 1736 1617 1804
f 1736 1804 1753
f 1804 1617 1756
f 1756 1617 1757
f 1757 1617 1760
f 1760 1617 1694
f 1694 1617 1697
f 1697 1617 1699
f 1699 1617 1701
f 1701 1617 1719
f 1719 1617 1721
f 1721 1617 1723
f 1723 1617 1728
f 1728 1617 1729
f 1729 1617 1732
f 1732 1617 1766
f 1766 1617 1769
f 1769 1617 1816
f 1816 1617 1819
f 1819 1892 1480
f 1892 1819 1890
f 1890 1819 1620
f 1620 1819 1619
f 1619 1819 1618
f 1618 1819 1617
f 1890 1620 1846
f 1890 1846 1621
f 1890 1621 1622
f 1890 1622 1842
f 1890 1842 1623
f 1890 1623 1624
f 1890 1624 1386
f 1610 1627 1609
f 1627 1610 1561
f 1627 1561 1811
f 1811 1561 1557
f 1811 1557 1523
f 1811 1523 1676
f 1811 1676 1521
f 1811 1521 1816
f 1816 1521 1518
f 1816 1518 1783
f 1816 1783 1785
f 1816 1785 1787
f 1816 1787 1801
f 1816 1801 1841
f 1816 1841 1805
f 1816 1805 1807
f 1816 1807 1736
f 1816 1736 1753
f 1816 1753 1750
f 1816 1750 1752
f 1816 1752 1773
f 1816 1773 1772
f 1816 1772 1745
f 1816 1745 1743
f 1816 1743 1741
f 1816 1741 1739
f 1816 1739 1565
f 1816 1565 1562
f 1816 1562 1769
f 1408 1067 1314
f 1061 1067 1408
f 1061 1408 1454
f 1244 782 1583
f 782 1244 780
f 1245 780 1244
f 780 1245 1246
f 1554 1581 1616
f 1581 1554 1580
f 1540 1554 1616
f 1916 1671 1670
f 1939 1940 1941
f 1940 1939 1942
f 1047 1453 1463
f 1453 1047 1048
f 1024 1463 1410
f 1463 1024 1047
f 880 1702 878
f 880 1283 1702
f 18 624 145
f 624 18 17
f 1105 1050 1318
f 1050 1105 1051
f 1075 1943 1931
f 1943 1075 1073
f 1943 1074 1936
f 1074 1943 1073
f 448 1453 1048
f 1318 1025 1707
f 1025 1318 1050
f 9 13 10
f 1903 1344 1654
f 1344 1903 1670
f 1344 1670 1336
f 1944 1913 1915
f 1913 1944 1945
f 1945 1916 1913
f 1916 1945 1946
f 1944 1916 1946
f 1916 1944 1947
f 1947 1944 1915
f 1900 1895 1904
f 1902 1670 1903
f 1902 1670 1903
f 1948 1824 1901
f 1903 1654 1949
f 1950 1916 1951
f 1916 1950 1533
f 1916 1533 1532
f 1916 1532 1671
f 1916 1905 1913
f 1905 1916 1904
f 1904 1916 1900
f 1900 1916 1901
f 1901 1916 1948
f 1948 1916 1949
f 1949 1916 1902
f 1949 1902 1903
f 813 765 768
f 765 813 815
f 1305 815 813
f 815 1305 1166
f 1778 817 1848
f 817 1778 818
f 817 1187 1848
f 1187 817 821
f 1821 1896 1952
f 1896 1821 1663
f 1823 1663 1821
f 1663 1823 1664
f 1822 1952 1894
f 1952 1822 1821
f 1895 1823 1820
f 1823 1895 1824
f 1412 761 811
f 761 1412 1295
f 1458 1777 1577
f 1777 1458 1770
f 1458 1277 1484
f 1277 1458 1577
f 1298 1494 1299
f 1494 1298 1448
f 1456 1470 1402
f 1470 1456 1272
f 1338 1435 1853
f 1435 1338 1337
f 1435 1715 1853
f 1423 818 1779
f 818 1423 1843
f 1177 1288 1178
f 1179 1178 1180
f 1486 1181 1182
f 1180 1183 1182
f 1284 1333 1184
f 1286 1284 1183
f 1287 1336 1286
f 1288 1287 1285
f 1178 1285 1183
f 1469 1552 1650
f 1403 1650 1649
f 1269 1274 1271
f 1274 1269 1450
f 814 1147 804
f 1137 1165 1782
f 821 1185 1187
f 1185 821 1780
f 1849 1462 1443
f 1462 1849 822
f 820 1443 1761
f 1443 820 1849
f 1780 1761 1444
f 1761 1780 820
f 1424 1476 1478
f 1476 1424 1779
f 1781 1843 1423
f 1843 1781 827
f 1559 1571 1531
f 1571 1559 1569
f 817 819 821
f 819 817 816
f 819 1849 820
f 1849 819 823
f 816 823 819
f 823 816 826
f 826 824 823
f 824 826 825
f 1337 1421 1433
f 1421 1337 1260
f 1421 1478 1433
f 1478 1421 1424
f 1610 1556 1561
f 1545 1547 1613
f 1342 1638 1639
f 1347 1638 1342
f 1232 1513 1646
f 1169 1344 1336
f 1225 1639 1513
f 1352 1602 1514
f 123 125 124
f 121 124 122
f 120 122 440
f 944 933 943
f 1018 1022 1019
f 1022 1018 1020
f 1118 708 984
f 708 1118 707
f 1122 1020 1124
f 81 1121 716
f 721 723 602
f 717 720 722
f 724 719 726
f 725 232 607
f 19 626 17
f 626 19 628
f 762 1793 763
f 812 1793 1406
f 1793 812 763
f 812 1406 1291
f 770 771 809
f 1953 810 808
f 810 1953 1306
f 764 809 762
f 809 764 808
f 808 764 1953
f 1953 764 1776
f 1776 1306 1953
f 1306 1776 1304
f 1024 1410 249
f 574 12 11
f 4 9 8
f 631 3 7
f 506 409 412
f 507 412 324
f 184 244 369
f 244 246 308
f 368 308 330
f 214 213 669
f 222 212 214
f 220 212 222
f 218 215 212
f 1023 707 1118
f 707 1023 706
f 1123 95 691
f 1124 692 95
f 1018 675 692
f 610 85 331
f 85 610 609
f 206 205 202
f 205 206 891
f 575 433 2
f 433 126 258
f 127 435 158
f 127 126 435
f 109 158 125
f 1082 1934 1081
f 1934 1082 1933
f 1081 1935 1080
f 1935 1081 1934
f 1935 1954 1955
f 1954 1935 1922
f 1956 1872 1077
f 1955 807 1956
f 807 1955 1954
f 1921 1938 1924
f 1938 1921 1918
f 1925 1873 1872
f 1873 1925 806
f 1931 1920 1917
f 1920 1931 1943
f 443 256 444
f 444 257 120
f 445 460 443
f 459 445 134
f 716 1123 691
f 1123 1124 95
f 1124 1018 692
f 307 328 327
f 985 307 355
f 230 985 231
f 538 537 540
f 536 119 537
f 213 217 414
f 212 215 213
f 711 349 351
f 712 351 695
f 344 712 695
f 343 713 344
f 383 385 386
f 11 13 629
f 1796 1791 1725
f 1791 1796 1792
f 1587 1543 1589
f 1626 1541 1587
f 1597 1544 1626
f 1634 1640 1635
f 1633 1635 1637
f 1636 1637 1639
f 1640 1643 1641
f 1635 1641 1642
f 1637 1642 1513
f 1643 1662 1644
f 1641 1644 1645
f 1642 1645 1646
f 1600 1648 1601
f 1599 1601 1603
f 1602 1603 1514
f 1957 1601 1794
f 1601 1957 1603
f 1669 1603 1957
f 1603 1669 1514
f 1667 1794 1665
f 1794 1667 1957
f 1517 1957 1667
f 1957 1517 1669
f 1437 1714 1715
f 1279 1302 1303
f 1302 1279 1578
f 1485 1303 1208
f 1303 1485 1279
f 1341 1340 1716
f 1353 1716 1651
f 1351 1651 1515
f 1460 1221 1341
f 1461 1162 1460
f 1482 1159 1461
f 1227 1482 1360
f 1224 1360 1345
f 1345 1347 1342
f 1616 1617 1899
f 1617 1616 1582
f 787 1619 1618
f 786 1620 1619
f 789 1846 1620
f 1926 1928 805
f 1926 1867 1928
f 1080 1955 1079
f 1955 1080 1935
f 1079 1956 1077
f 1956 1079 1955
f 1881 1862 1308
f 1862 1881 1882
f 1887 1863 1888
f 1863 1887 1864
f 1886 1898 1871
f 1898 1886 1884
f 1898 1884 1850
f 1850 1884 1851
f 1893 1878 1891
f 1878 1893 1876
f 1074 1881 1936
f 1881 1074 1111
f 1922 1923 1954
f 1923 1922 1921
f 1925 1872 1956
f 807 1925 1956
f 1954 1926 807
f 1926 1954 1923
f 1920 1936 1937
f 1936 1920 1943
f 1918 1937 1938
f 1937 1918 1920
f 1875 1927 1929
f 1927 1875 1874
f 805 1927 806
f 1927 805 1928
f 1869 1876 1906
f 1481 1845 1480
f 1819 1845 1818
f 1845 1819 1480
f 1815 1675 1525
f 1519 1815 1675
f 1817 1815 1519
f 1520 1817 1519
f 1784 1817 1520
f 1786 1817 1784
f 1788 1817 1786
f 1802 1817 1788
f 1840 1817 1802
f 1840 1817 1808
f 1808 1817 1806
f 1806 1817 1734
f 1734 1817 1735
f 1735 1817 1576
f 1576 1817 1754
f 1754 1817 1751
f 1751 1817 1749
f 1749 1817 1774
f 1774 1817 1771
f 1771 1817 1744
f 1744 1817 1742
f 1742 1817 1740
f 1740 1817 1738
f 1738 1817 1563
f 1563 1817 1564
f 1564 1817 1767
f 1767 1817 1768
f 1831 1818 1845
f 1576 1759 1543
f 1759 1576 1755
f 1755 1576 1758
f 1758 1576 1803
f 1803 1576 1754
f 1543 1759 1696
f 1543 1696 1695
f 1543 1695 1698
f 1543 1698 1700
f 1543 1700 1718
f 1543 1718 1720
f 1543 1720 1722
f 1543 1722 1727
f 1543 1727 1730
f 1543 1730 1731
f 1543 1731 1768
f 1543 1768 1817
f 1543 1817 1818
f 1543 1818 1831
f 1543 1831 1830
f 1543 1830 1847
f 1543 1847 1596
f 1543 1596 1595
f 1543 1595 1894
f 1543 1894 1952
f 1543 1952 1896
f 1543 1896 1662
f 1543 1662 1643
f 1543 1643 1640
f 1543 1640 1589
f 1589 1640 1634
f 1589 1634 1666
f 1589 1666 1590
f 1590 1666 1656
f 1656 1666 1660
f 1660 1666 1668
f 1668 1666 1647
f 1647 1666 1795
f 1647 1795 1648
f 1942 1465 1907
f 1465 1942 1939
f 1465 1939 1909
f 1465 1909 1911
f 1465 1911 1530
f 1530 1911 1958
f 1530 1958 1529
f 1529 1958 1525
f 1525 1958 1815
f 1529 1525 1522
f 1529 1522 1678
f 1529 1678 1680
f 1529 1680 1683
f 1529 1683 1684
f 1529 1684 1686
f 1529 1686 1688
f 1529 1688 1690
f 1529 1690 1576
f 1576 1690 1692
f 1576 1692 1797
f 1576 1797 1799
f 1576 1799 1834
f 1576 1834 1837
f 1576 1837 1838
f 1576 1838 1735
f 1083 1933 1082
f 1933 1083 1932
f 1110 621 1109
f 621 1110 1002
f 154 250 553
f 159 542 539
f 219 216 215
f 216 345 217
f 217 345 353
f 675 673 693
f 715 676 191
f 671 672 187
f 694 380 379
f 348 382 696
f 250 554 553
f 713 343 596
f 714 713 593
f 340 714 593
f 341 711 714
f 367 507 324
f 365 508 507
f 236 235 237
f 77 234 236
f 226 612 42
f 43 227 225
f 44 43 223
f 161 44 224
f 71 49 161
f 261 511 509
f 610 1120 252
f 210 318 63
f 63 316 64
f 317 325 241
f 250 880 554
f 327 897 899
f 300 889 172
f 92 94 611
f 287 92 611
f 12 23 14
f 149 155 1003
f 155 149 148
f 147 149 150
f 1109 619 1108
f 619 1109 621
f 1108 617 1107
f 617 1108 619
f 1107 613 1106
f 613 1107 617
f 1106 615 1049
f 615 1106 613
f 150 1002 1110
f 1002 150 1003
f 343 345 216
f 342 216 219
f 211 349 341
f 209 341 340
f 210 340 339
f 229 690 230
f 190 189 360
f 239 188 190
f 41 32 727
f 39 30 41
f 605 38 39
f 38 36 40
f 37 513 31
f 30 36 31
f 40 36 30
f 282 270 272
f 711 712 713
f 508 503 506
f 510 509 357
f 430 261 510
f 259 261 430
f 260 511 261
f 326 1010 511
f 1119 512 240
f 879 1707 1025
f 1707 879 1704
f 1585 1065 1396
f 1946 1945 1944
f 1948 1654 1824
f 1654 1948 1949
f 1396 1065 1382
f 1895 1844 1905
f 1905 1844 1912
f 1382 1065 1329
f 1377 1065 1374
f 1329 1065 1377
f 1910 1939 1941
f 1939 1910 1909
f 1959 1911 1908
f 1911 1959 1958
f 1812 1958 1959
f 1958 1812 1814
f 1815 1958 1814
f 1942 1960 1940
f 1960 1942 1907
f 1907 1573 1960
f 1573 1907 1572
f 1631 1573 1574
f 1573 1631 1960
f 1960 1631 1628
f 1960 1628 1910
f 1910 1628 1908
f 1908 1628 1630
f 1960 1910 1940
f 1940 1910 1941
f 1908 1630 1959
f 1959 1630 1813
f 1959 1813 1812
f 1333 1950 1951
f 1950 1333 1284
f 1333 1951 1961
f 1325 1914 1844
f 1914 1325 1333
f 1914 1333 1961
f 1912 1844 1914
f 574 15 12
f 1284 1533 1950
f 1286 1671 1532
f 15 19 16
f 1961 1915 1914
f 1915 1961 1947
f 1951 1947 1961
f 1947 1951 1916
f 1068 174 1004
f 329 54 1126
f 1126 54 653
f 719 989 726
f 285 1117 989
f 1117 285 1115
f 726 989 988
f 444 256 257
f 344 347 345
f 1131 51 1133
f 51 1131 55
f 1133 1156 1154
f 1133 1156 1154
f 1132 1331 1134
f 1331 1132 1114
f 1114 1151 1331
f 1115 285 286
f 287 1115 286
f 1115 287 1143
f 1115 285 286
f 1136 1149 1139
f 1149 1136 1143
f 251 1143 611
f 1143 251 1149
f 163 168 82
f 168 163 162
f 73 55 74
f 55 73 51
f 73 55 74
f 55 73 51
f 51 73 52
f 1139 168 166
f 168 1139 1149
f 167 1146 1155
f 51 73 52
f 55 54 74
f 55 54 74
f 167 1146 1155
f 561 418 415
f 418 561 528
f 634 1005 998
f 1005 634 633
f 873 295 634
f 295 873 293
f 1962 1963 1964
f 1962 1963 1964
f 1963 1965 1964
f 1966 1964 1965
f 1967 1968 1969
f 1967 1968 1969
f 1967 1968 1969
f 1970 1971 1972
f 1973 1972 1971
f 1974 1975 1976
f 1977 1976 1975
f 1978 1979 1980
f 1981 1980 1979
f 1976 1977 1979
f 1981 1979 1977
f 1982 1978 1983
f 1980 1983 1978
f 1984 1985 1986
f 1987 1986 1985
f 1988 1989 1990
f 1991 1990 1989
f 1992 1993 1994
f 1995 1994 1993
f 1996 1997 1984
f 1985 1984 1997
f 1998 1999 2000
f 2001 2002 1963
f 2003 2004 2005
f 2006 2005 2004
f 2001 2007 2008
f 2001 2008 2009
f 2001 2008 2010
f 2011 2012 2013
f 2014 2013 2012
f 1992 2015 2016
f 2017 2018 2019
f 2018 2020 2019
f 1968 2021 2022
f 2023 2024 1968
f 2025 2026 2027
f 2028 2027 2026
f 2023 2024 1968
f 2023 2024 1968
f 2029 1992 2030
f 2031 2032 2033
f 1968 2034 1969
f 2035 1969 2034
f 2036 2035 2034
f 2037 2036 2034
f 2038 2037 2034
f 1968 2034 1969
f 2035 1969 2034
f 2036 2035 2034
f 2037 2036 2034
f 2038 2037 2034
f 1968 2034 1969
f 2035 1969 2034
f 2036 2035 2034
f 2037 2036 2034
f 2038 2037 2034
f 1968 2034 1969
f 2035 1969 2034
f 2036 2035 2034
f 2037 2036 2034
f 2038 2037 2034
f 1968 2034 1969
f 2035 1969 2034
f 2036 2035 2034
f 2037 2036 2034
f 2038 2037 2034
f 2003 2005 2039
f 2040 2039 2005
f 2041 2042 2043
f 2044 2043 2042
f 2043 2045 2041
f 2039 2041 2045
f 2046 2039 2045
f 2003 2039 2046
f 2047 2003 2046
f 2004 2003 2047
f 2048 2004 2047
f 2049 2004 2048
f 2050 2004 2049
f 2051 2004 2050
f 2052 2004 2051
f 2053 2052 2051
f 2054 2052 2053
f 2055 2052 2054
f 2056 2055 2054
f 1970 2055 2056
f 2057 1970 2056
f 2058 1970 2057
f 1971 1970 2058
f 2059 1971 2058
f 2060 1971 2059
f 1997 1971 2060
f 2061 1997 2060
f 2062 1997 2061
f 2047 1989 2048
f 1975 2048 1989
f 1977 1975 1989
f 1981 1977 1989
f 1988 1981 1989
f 1980 1981 1988
f 1983 1980 1988
f 2026 1983 1988
f 2063 1983 2026
f 2064 2063 2026
f 2025 2064 2026
f 2065 2064 2025
f 2066 2065 2025
f 2067 2065 2066
f 2068 2067 2066
f 2069 2068 2066
f 2070 2068 2069
f 2062 2070 2069
f 1997 2062 2069
f 1985 1997 2069
f 2071 1985 2069
f 1987 1985 2071
f 2072 1987 2071
f 2073 1987 2072
f 2039 2040 2041
f 2042 2041 2040
f 2043 2044 2045
f 2074 2045 2044
f 2075 1965 2002
f 2076 1968 2077
f 2024 2077 1968
f 2078 2079 2080
f 2081 2080 2079
f 2078 2079 2080
f 2081 2080 2079
f 2082 2027 2079
f 2082 2027 2079
f 2082 2027 2079
f 2083 2079 2028
f 2027 2028 2079
f 2083 2079 2028
f 2027 2028 2079
f 2015 2083 2005
f 2040 2005 2083
f 2042 2040 2083
f 2044 2042 2083
f 2028 1990 2083
f 1991 2083 1990
f 2084 2083 1991
f 2085 2083 2084
f 2074 2083 2085
f 2044 2083 2074
f 2086 2087 2088
f 2087 2089 2088
f 1973 1996 2090
f 1984 2090 1996
f 1986 2090 1984
f 2091 2090 1986
f 1973 1996 2090
f 1984 2090 1996
f 1986 2090 1984
f 2091 2090 1986
f 2005 2006 2016
f 2092 2016 2006
f 2093 2016 2092
f 2090 2016 2093
f 1972 2090 2093
f 1973 2090 1972
f 2015 2005 2016
f 2015 2005 2016
f 2088 2094 2095
f 2096 2097 2098
f 2099 2097 2096
f 2095 2094 2100
f 2095 2094 2100
f 1998 2000 2101
f 2102 1998 2103
f 2101 2103 1998
f 2096 2097 2098
f 2096 2097 2098
f 2099 2097 2096
f 2096 2097 2098
f 2078 2082 2079
f 2078 2082 2079
f 2078 2082 2079
f 2078 2082 2079
f 2078 2082 2079
f 2078 2082 2079
f 2104 2105 2091
f 2106 2091 2105
f 2107 2091 2106
f 2108 2091 2107
f 2090 2091 2108
f 2081 2079 2091
f 2104 2091 2079
f 2109 2104 2079
f 2110 2111 2112
f 2113 2114 2112
f 2110 2112 2114
f 2115 2116 2098
f 2117 2098 2116
f 2096 2098 2117
f 1999 2118 2000
f 2118 2119 2000
f 2120 2121 2122
f 2120 2121 2122
f 2122 2121 2118
f 2026 1988 2028
f 1990 2028 1988
f 2123 2124 2015
f 2123 2015 2029
f 1992 2029 2015
f 2123 2124 2015
f 2083 2125 2079
f 2109 2079 2125
f 2126 1968 1967
f 2126 1968 1967
f 2126 1968 1967
f 2023 1968 2126
f 2023 1968 2126
f 2023 1968 2126
f 2023 1968 2126
f 2126 1968 1967
f 2126 1968 1967
f 2023 1968 2126
f 2023 1968 2126
f 2126 1968 1967
f 2102 1999 1998
f 2127 2128 2129
f 2130 2128 2127
f 2131 2132 2133
f 2134 2133 2132
f 2135 2134 2132
f 2136 2134 2135
f 2137 2136 2135
f 2138 2136 2137
f 2139 2138 2137
f 2140 2138 2139
f 2114 2140 2139
f 2115 2140 2114
f 2113 2115 2114
f 2141 2115 2113
f 2142 2115 2141
f 2116 2115 2142
f 2143 2116 2142
f 2144 2116 2143
f 2145 2116 2144
f 2146 2116 2145
f 2147 2146 2145
f 2148 2146 2147
f 2149 2146 2148
f 2011 2146 2149
f 2150 2011 2149
f 2151 2011 2150
f 2012 2011 2151
f 2152 2012 2151
f 2153 2012 2152
f 2154 2012 2153
f 2155 2156 2113
f 2141 2113 2156
f 2157 2156 2155
f 2158 2157 2155
f 2159 2158 2155
f 2160 2159 2155
f 2161 2159 2160
f 2162 2161 2160
f 2163 2162 2160
f 2164 2163 2160
f 2165 2163 2164
f 2166 2165 2164
f 2167 2166 2164
f 2168 2166 2167
f 2169 2168 2167
f 2154 2169 2167
f 2012 2154 2167
f 2170 2012 2167
f 2171 2170 2167
f 2172 2170 2171
f 2173 2172 2171
f 2174 2172 2173
f 2175 2174 2173
f 2176 2174 2175
f 2177 2176 2175
f 2178 2176 2177
f 2179 2178 2177
f 2180 2178 2179
f 2181 2182 2183
f 2181 2183 2184
f 2185 2186 2187
f 2187 2186 2188
f 2099 2185 2189
f 2190 2096 2191
f 2192 2193 2194
f 2096 2117 2191
f 2191 2193 2192
f 2188 2186 2195
f 2196 2197 2198
f 2199 2200 2201
f 2200 2202 2201
f 2099 2189 2203
f 2204 2205 2206
f 2207 2205 2204
f 2187 2208 2185
f 2209 2185 2208
f 2209 2210 2185
f 2189 2185 2210
f 2211 2205 2207
f 2199 2175 2200
f 2173 2200 2175
f 2033 2178 2212
f 2180 2212 2178
f 2213 2212 2180
f 2214 2213 2180
f 2215 2176 2216
f 2178 2216 2176
f 2032 2216 2178
f 2033 2032 2178
f 2170 2172 2217
f 2218 2217 2172
f 2219 2217 2218
f 2013 2014 2194
f 2220 2194 2014
f 2221 2194 2220
f 2222 2221 2220
f 2146 2011 2193
f 2013 2193 2011
f 2194 2193 2013
f 2223 2224 2225
f 2226 2225 2224
f 2227 2225 2226
f 2228 2225 2227
f 2229 2225 2228
f 2230 2225 2229
f 2231 2232 2233
f 2223 2233 2232
f 2225 2233 2223
f 2234 2233 2225
f 2235 2234 2225
f 1969 2054 1967
f 2053 1967 2054
f 2236 2237 1995
f 2238 1995 2237
f 2239 2240 1995
f 2236 1995 2240
f 2036 2057 2035
f 2056 2035 2057
f 2241 2242 2243
f 2244 2241 2243
f 2203 2245 2099
f 2097 2099 2245
f 2246 2099 2096
f 2247 2099 2246
f 2248 2249 2250
f 2251 2222 2220
f 2192 2194 2221
f 2192 2194 2221
f 2192 2194 2221
f 2252 2253 2254
f 2255 2256 2257
f 2257 2256 2258
f 2259 2260 2261
f 2262 2263 2259
f 2262 2259 2261
f 2264 2265 2266
f 2267 2257 2268
f 2257 2269 2268
f 2270 2271 2264
f 2037 2058 2036
f 2057 2036 2058
f 2256 2272 2273
f 2256 2273 2258
f 2274 2275 2276
f 2277 2276 2275
f 2278 2276 2277
f 2279 2280 2281
f 2282 2281 2280
f 2283 2284 2285
f 2286 2285 2284
f 2287 2285 2286
f 1995 2288 2285
f 2289 2285 2288
f 2290 2285 2289
f 2291 2285 2290
f 2283 2285 2291
f 2035 2056 1969
f 2054 1969 2056
f 2126 2051 2023
f 2050 2023 2051
f 1967 2053 2126
f 2051 2126 2053
f 2077 2048 1974
f 1975 1974 2048
f 2023 2050 2024
f 2049 2024 2050
f 2292 2293 1992
f 1993 1992 2293
f 1992 2016 2292
f 2294 2292 2016
f 2295 2294 2016
f 1992 2016 2292
f 2294 2292 2016
f 2295 2294 2016
f 2292 2293 1992
f 1993 1992 2293
f 2292 2293 1992
f 1993 1992 2293
f 2296 2297 2298
f 2024 2049 2077
f 2048 2077 2049
f 2024 2049 2077
f 2048 2077 2049
f 2077 2048 1974
f 1975 1974 2048
f 2299 2296 2298
f 2299 2296 2298
f 2077 2048 1974
f 1975 1974 2048
f 2297 2300 2298
f 2301 2298 2300
f 2302 2298 2301
f 2038 2298 2303
f 2304 2303 2298
f 2302 2304 2298
f 2046 2085 2047
f 2084 2047 2085
f 2069 2066 2078
f 2082 2078 2066
f 2081 2072 2080
f 2071 2080 2072
f 2266 2305 2306
f 2080 2071 2078
f 2069 2078 2071
f 1978 1982 2076
f 2298 2076 1982
f 2307 2298 1982
f 2307 1982 2063
f 1983 2063 1982
f 2052 2055 2092
f 2093 2092 2055
f 2307 2299 2298
f 2055 1970 2093
f 1972 2093 1970
f 2308 2076 2298
f 2309 2076 2308
f 2004 2052 2006
f 2092 2006 2052
f 2091 2073 2081
f 2072 2081 2073
f 2299 2310 2307
f 2077 1974 2076
f 1976 2076 1974
f 1979 2076 1976
f 1978 2076 1979
f 1971 1997 1973
f 1996 1973 1997
f 1982 2307 2310
f 1963 2002 1965
f 1978 1982 2076
f 2298 2076 1982
f 2307 2298 1982
f 2311 2102 2103
f 2311 2102 2103
f 2311 2102 2103
f 2299 2307 2064
f 2063 2064 2307
f 2077 1974 2076
f 1976 2076 1974
f 1979 2076 1976
f 1978 2076 1979
f 2312 2313 2314
f 2315 2314 2313
f 2312 2316 2313
f 2312 2313 2314
f 2315 2314 2313
f 2077 1974 2076
f 1976 2076 1974
f 1979 2076 1976
f 1978 2076 1979
f 2104 2109 2317
f 2090 2318 2016
f 2319 2016 2318
f 2320 2016 2319
f 2295 2016 2320
f 2090 2318 2016
f 2319 2016 2318
f 2320 2016 2319
f 2295 2016 2320
f 2015 2124 2083
f 2216 2032 2031
f 2124 2123 2321
f 2124 2123 2321
f 2124 2123 2321
f 2045 2074 2046
f 2085 2046 2074
f 2124 2322 2323
f 2124 2323 2083
f 2124 2323 2083
f 1986 1987 2091
f 2073 2091 1987
f 2066 2025 2082
f 2027 2082 2025
f 1989 2047 1991
f 2084 1991 2047
f 2317 2109 2130
f 2317 2109 2130
f 2090 2108 2324
f 2108 2107 2325
f 2326 2104 2317
f 2318 2090 2324
f 2327 2295 2320
f 2328 2320 2319
f 2292 2294 2329
f 2008 2330 2009
f 2331 2332 2333
f 2009 2330 2334
f 2335 2336 2337
f 2334 2330 2338
f 2256 2339 2272
f 2340 2341 2342
f 2343 2344 2345
f 2343 2345 2346
f 2347 1962 2348
f 2343 2348 2344
f 2349 2350 2351
f 2352 2022 2353
f 2354 2355 2338
f 2356 2357 2349
f 2356 2349 2351
f 2358 2359 2360
f 2062 2302 2070
f 2301 2070 2302
f 2361 2362 2363
f 2010 2007 2364
f 2365 2366 2367
f 2368 2369 2370
f 2371 2370 2369
f 2369 2368 2263
f 2368 2369 2370
f 2370 2372 2368
f 2373 2374 1968
f 2375 2343 2346
f 2264 2266 2306
f 2376 2377 2378
f 2379 2380 2087
f 2381 2127 2382
f 2383 2267 2384
f 2385 2386 2387
f 2321 2123 2388
f 2389 2359 2358
f 2021 2390 2022
f 2361 2391 2362
f 2354 2338 2392
f 2393 2394 2395
f 2396 2397 2398
f 2399 2341 2400
f 2296 2299 2065
f 2064 2065 2299
f 2401 2402 2403
f 2349 2355 2404
f 2354 2404 2355
f 2405 2401 2406
f 2407 2408 2409
f 2254 2253 2410
f 2411 2412 2413
f 2414 2415 2416
f 2417 2418 2419
f 2403 2269 2257
f 2258 2269 2257
f 2417 2419 2256
f 2417 2256 2255
f 2405 2406 2420
f 2278 2277 2421
f 2339 2422 2421
f 2267 2271 2270
f 2423 2383 2384
f 2268 2269 2271
f 2267 2268 2271
f 2279 2424 2280
f 2419 2422 2339
f 2419 2339 2256
f 2425 2414 2426
f 2373 2427 2428
f 2417 2255 2383
f 2417 2383 2260
f 2031 2407 2429
f 2409 2429 2407
f 2395 2415 2414
f 2333 2430 2431
f 2251 2220 2432
f 2433 2432 2220
f 2434 2104 2435
f 2269 2264 2271
f 2357 2436 2349
f 2437 2426 2438
f 2439 2440 2441
f 2440 2442 2443
f 2280 2424 2439
f 2394 2424 2279
f 2249 2282 2280
f 2444 2282 2445
f 2279 2281 2446
f 2447 2281 2448
f 2259 2449 2260
f 2450 2437 2438
f 2451 2278 2452
f 2453 2454 2455
f 2336 2191 2456
f 2457 2458 2459
f 2457 2460 2458
f 2461 2462 2445
f 2463 2464 2465
f 2253 2251 2432
f 1962 1964 2464
f 2466 2467 2468
f 2253 2337 2456
f 2076 2469 1968
f 2456 2191 2192
f 2002 2364 2075
f 2470 2471 2372
f 2470 2472 2473
f 2474 2475 2476
f 2477 2478 2479
f 2473 2480 2481
f 2482 2483 2376
f 2008 2007 2010
f 2001 2009 2484
f 2362 2485 2382
f 2484 2009 2334
f 1966 1965 2486
f 2487 2334 2338
f 2348 2334 2487
f 2344 2347 2463
f 2345 2463 2465
f 2463 2347 2464
f 2488 2489 2421
f 2349 2356 2355
f 2330 2350 2490
f 1965 2481 2486
f 2061 2304 2062
f 2302 2062 2304
f 2001 2010 2002
f 2491 2364 2492
f 2030 1992 1994
f 2447 2448 2453
f 2421 2489 2273
f 2493 2241 2494
f 2426 2416 2495
f 2496 2375 2346
f 2442 2424 2497
f 2264 2306 2498
f 2336 2499 2190
f 2384 2267 2270
f 2429 2409 2224
f 2495 2235 2500
f 2225 2500 2235
f 2333 2447 2501
f 2425 2502 2414
f 2458 2462 2461
f 2503 2504 2397
f 2094 2505 2100
f 2480 2506 2242
f 2491 2473 2481
f 2408 2507 2496
f 2127 2508 2382
f 2290 2289 2509
f 2250 2283 2248
f 2510 2357 2511
f 2324 2108 2325
f 2512 2240 2513
f 2514 2515 2516
f 2287 2517 2518
f 2519 2319 2318
f 2520 2288 2521
f 2397 2522 2398
f 2523 2398 2522
f 1968 2034 1969
f 2035 1969 2034
f 2036 2035 2034
f 2037 2036 2034
f 2038 2037 2034
f 2352 2022 2353
f 2140 2115 2097
f 2098 2097 2115
f 2131 2209 2132
f 2208 2132 2209
f 2132 2208 2135
f 2187 2135 2208
f 2135 2187 2137
f 2188 2137 2187
f 2137 2188 2139
f 2195 2139 2188
f 2160 2155 2207
f 2211 2207 2155
f 2164 2160 2204
f 2207 2204 2160
f 2167 2164 2206
f 2204 2206 2164
f 2171 2167 2202
f 2206 2202 2167
f 2173 2171 2200
f 2202 2200 2171
f 2196 2179 2197
f 2177 2197 2179
f 2214 2180 2196
f 2179 2196 2180
f 2524 2215 2216
f 2525 2174 2524
f 2176 2524 2174
f 2215 2524 2176
f 2218 2172 2526
f 2174 2526 2172
f 2525 2526 2174
f 2012 2170 2014
f 2217 2014 2170
f 2220 2014 2217
f 2433 2220 2217
f 2138 2140 2245
f 2097 2245 2140
f 2138 2245 2136
f 2203 2136 2245
f 2136 2203 2134
f 2189 2134 2203
f 2134 2189 2133
f 2210 2133 2189
f 2133 2210 2131
f 2209 2131 2210
f 2326 2104 2317
f 2527 2326 2317
f 2528 2527 2317
f 2285 2287 2485
f 2514 2381 2485
f 2510 2511 2485
f 2529 2317 2381
f 2287 2530 2485
f 2530 2510 2485
f 2511 2514 2485
f 2514 2516 2381
f 2516 2531 2381
f 2531 2532 2381
f 2529 2528 2317
f 2532 2533 2381
f 2533 2534 2381
f 2523 2391 2361
f 2472 2535 2473
f 2472 2506 2535
f 2506 2367 2371
f 2403 2402 2265
f 2403 2265 2269
f 1994 1995 2391
f 2391 2285 2362
f 2536 2373 2476
f 2476 2373 2428
f 2537 2538 2460
f 2539 2540 2541
f 2542 2539 2541
f 2541 2540 2543
f 2123 2544 2388
f 2545 2544 2123
f 2029 2546 2545
f 2547 2548 2549
f 2550 2386 2551
f 2552 2550 2551
f 2275 2488 2277
f 2277 2488 2421
f 2308 2298 2553
f 2450 2502 2437
f 2433 2217 2432
f 2219 2432 2217
f 2232 2432 2223
f 2432 2554 2223
f 2219 2218 2554
f 2526 2554 2218
f 2390 2540 2539
f 2368 2263 2262
f 2436 2518 2350
f 2350 2555 2490
f 2490 2555 2007
f 2517 2555 2350
f 2007 2249 2364
f 2364 2249 2492
f 2492 2280 2471
f 2471 2439 2263
f 2439 2441 2263
f 2263 2452 2259
f 2452 2449 2259
f 2263 2441 2452
f 2280 2439 2471
f 2249 2280 2492
f 2461 2249 2556
f 2521 2461 2520
f 2520 2461 2509
f 2509 2461 2556
f 2518 2517 2350
f 2556 2249 2248
f 2555 2250 2007
f 2250 2249 2007
f 2557 2403 2258
f 2460 2462 2458
f 2109 2359 2130
f 2130 2558 2128
f 2130 2359 2558
f 2544 2545 2559
f 2550 2476 2386
f 2094 2503 2560
f 2088 2561 2503
f 2414 2393 2395
f 2255 2257 2267
f 2393 2424 2394
f 2423 2562 2563
f 2231 2410 2232
f 2376 2508 2564
f 2565 2508 2376
f 2552 2474 2550
f 2438 2495 2500
f 2467 2410 2231
f 2431 2467 2231
f 2309 2566 2311
f 2567 2568 2569
f 2570 2571 2572
f 2571 2378 2572
f 2121 2572 2378
f 2486 2481 2480
f 2241 2486 2242
f 2573 2574 2575
f 2576 2399 2573
f 2576 2573 2336
f 2336 2573 2499
f 2428 2577 2578
f 2579 2580 2506
f 2580 2581 2506
f 2242 2579 2506
f 2559 2475 2474
f 2365 2562 2366
f 1962 2334 2348
f 2087 2086 2379
f 2554 2429 2224
f 2582 2453 2455
f 2582 2501 2453
f 2333 2501 2430
f 2582 2430 2501
f 2430 2582 2468
f 2468 2583 2584
f 2583 2582 2340
f 2339 2585 2272
f 2086 2095 2586
f 2261 2563 2365
f 2587 2076 2309
f 2394 2279 2332
f 2095 2100 2482
f 2075 2481 1965
f 2573 2457 2459
f 2460 2457 2573
f 2400 2455 2460
f 2388 2559 2588
f 2474 2552 2588
f 2366 2562 2264
f 2366 2589 2581
f 2581 2589 2580
f 2589 2264 2498
f 2562 2270 2264
f 2103 2101 2590
f 2591 2103 2590
f 2586 2592 2570
f 2305 2580 2579
f 2498 2306 2305
f 2589 2498 2580
f 2402 2225 2593
f 2225 2230 2593
f 2507 2594 2375
f 2392 2343 2375
f 2594 2595 2375
f 2404 2392 2375
f 2596 2404 2595
f 2313 2316 2597
f 2121 2119 2118
f 2566 2553 2598
f 2227 2465 2228
f 2346 2345 2465
f 2599 2312 2504
f 2599 2600 2312
f 2561 2599 2504
f 2564 2129 2601
f 2317 2130 2127
f 2089 2541 2561
f 2561 2541 2599
f 2021 2602 2603
f 1962 2001 2484
f 2543 2604 2600
f 2372 2371 2472
f 2372 2370 2371
f 2605 2239 2606
f 2607 2605 2608
f 2409 2496 2226
f 2226 2346 2227
f 2609 2318 2324
f 2516 2182 2181
f 2610 2611 2612
f 2613 2614 2615
f 2616 2610 2615
f 2617 2618 2619
f 2465 2494 2228
f 2229 2228 2244
f 2198 2620 2621
f 2198 2622 2620
f 2623 2624 2625
f 2626 2493 2494
f 2351 2330 2338
f 2513 2240 2605
f 2627 2295 2327
f 2230 2229 2628
f 2243 2244 2629
f 2229 2629 2628
f 2574 2459 2625
f 2385 2630 2551
f 2551 2568 2567
f 2551 2630 2568
f 2527 2631 2632
f 2633 2634 2615
f 2111 2635 2634
f 2636 2637 2638
f 2638 2639 2640
f 2019 2641 2642
f 2247 2638 2099
f 2638 2185 2099
f 2643 2644 2645
f 2646 2636 2247
f 2647 2646 2247
f 2104 2326 2648
f 2060 2303 2061
f 2304 2061 2303
f 2549 2649 2650
f 2649 2651 2650
f 2549 2652 2649
f 2653 2654 2201
f 2237 2236 2655
f 2655 2512 2624
f 2656 2325 2657
f 2325 2658 2657
f 2238 2237 2623
f 2238 2623 2459
f 2184 2183 2547
f 2659 2645 2627
f 2291 2290 2556
f 2660 2661 2246
f 2575 2660 2246
f 2662 2663 2622
f 2286 2517 2287
f 2641 2519 2664
f 2647 2605 2646
f 2530 2436 2510
f 2622 2663 2665
f 2434 2616 2614
f 2607 2608 2637
f 2509 2289 2520
f 2653 2612 2479
f 2575 2625 2660
f 2283 2291 2248
f 2326 2527 2648
f 2648 2632 2666
f 2634 2658 2613
f 2246 2096 2499
f 2617 1993 2618
f 2667 2668 2182
f 2528 2529 2669
f 2528 2669 2631
f 2478 2670 2651
f 2668 2620 2665
f 2671 2621 2620
f 2609 2324 2664
f 2327 2320 2328
f 2205 2615 2612
f 2633 2615 2205
f 2672 2254 2467
f 2201 2649 2652
f 2201 2654 2649
f 2020 2627 2327
f 2020 2328 2641
f 2083 2323 2125
f 2230 2628 2266
f 2230 2266 2593
f 2593 2266 2265
f 2628 2305 2266
f 2305 2243 2629
f 2286 2284 2555
f 2532 2531 2184
f 2108 2107 2325
f 2106 2105 2673
f 2534 2674 2675
f 2676 2534 2677
f 2677 2675 2670
f 2477 2669 2478
f 2669 2670 2478
f 2616 2435 2610
f 2435 2666 2610
f 2186 2019 2678
f 2679 2017 2186
f 2529 2677 2669
f 2632 2631 2477
f 2666 2632 2611
f 2107 2106 2680
f 2680 2673 2658
f 2625 2624 2660
f 2329 2294 2295
f 2639 2617 2619
f 2120 2681 2411
f 2598 2681 2120
f 2412 2570 2413
f 2526 2525 2554
f 2429 2554 2525
f 2524 2216 2429
f 2031 2429 2216
f 2682 2683 2522
f 2451 2274 2276
f 2533 2184 2674
f 2184 2547 2674
f 2684 2685 2382
f 2684 2382 2565
f 2274 2686 2687
f 2618 1993 2293
f 2688 2618 2644
f 2644 2618 2292
f 2262 2365 2368
f 2369 2367 2368
f 2367 2369 2371
f 2602 2689 2540
f 2313 2597 2690
f 2468 2584 2691
f 2672 2342 2254
f 2254 2342 2335
f 2691 2584 2340
f 2691 2340 2672
f 2584 2583 2340
f 2590 2101 2389
f 2568 2590 2569
f 2590 2389 2358
f 2590 2358 2569
f 2692 2456 2192
f 2693 2103 2591
f 2059 2038 2060
f 2303 2060 2038
f 2693 2311 2103
f 2670 2675 2650
f 2675 2549 2650
f 2416 2233 2234
f 2415 2431 2233
f 2454 2445 2462
f 2309 2308 2566
f 2553 2352 2681
f 2598 2553 2681
f 2681 2353 2411
f 2252 2337 2253
f 2252 2335 2337
f 2387 2694 2630
f 2372 2471 2368
f 2367 2366 2581
f 2617 2606 2695
f 2608 2606 2617
f 2515 2671 2667
f 2515 2595 2671
f 2511 2595 2515
f 2644 2292 2329
f 2645 2644 2329
f 2378 2377 2119
f 2440 2443 2441
f 2441 2686 2451
f 2332 2447 2333
f 2332 2446 2447
f 2335 2576 2336
f 2342 2576 2335
f 2341 2455 2400
f 2342 2399 2576
f 2341 2340 2455
f 2341 2399 2342
f 2347 2348 2344
f 2348 2487 2338
f 2348 2338 2392
f 2392 2348 2343
f 2351 2350 2330
f 2696 2358 2360
f 2363 2362 2697
f 2195 2111 2110
f 2469 2427 2373
f 2577 2427 2469
f 2469 2373 1968
f 1995 2238 2288
f 1995 1993 2695
f 1995 2695 2606
f 1995 2606 2239
f 2482 2376 2698
f 2571 2698 2376
f 2592 2482 2698
f 2571 2376 2378
f 2380 2542 2087
f 2274 2687 2275
f 2386 2578 2387
f 2321 2388 2322
f 2699 2558 2359
f 2389 2699 2359
f 2021 2603 2390
f 2404 2354 2392
f 2395 2394 2331
f 2394 2332 2331
f 2399 2400 2573
f 2195 2111 2110
f 2269 2265 2264
f 2225 2402 2401
f 2406 2401 2403
f 2357 2349 2596
f 2596 2349 2404
f 2409 2408 2496
f 2467 2254 2410
f 2253 2432 2410
f 2411 2413 2120
f 2414 2416 2426
f 2425 2426 2437
f 2331 2333 2415
f 2395 2331 2415
f 2333 2431 2415
f 2105 2104 2434
f 2434 2435 2616
f 2349 2436 2350
f 2439 2424 2442
f 2449 2418 2260
f 2687 2450 2438
f 2488 2687 2438
f 2455 2454 2537
f 2453 2444 2454
f 2448 2444 2453
f 2337 2336 2456
f 2464 2626 2465
f 2464 1964 2626
f 1962 1963 1964
f 2347 1962 2464
f 2075 2364 2491
f 2002 2010 2364
f 2475 2536 2476
f 2597 2536 2475
f 2690 2597 2475
f 2611 2477 2479
f 2473 2535 2480
f 2038 2059 2037
f 2058 2037 2059
f 2485 2381 2382
f 2101 2000 2700
f 1964 1966 2493
f 2626 1964 2493
f 2493 1966 2241
f 1966 2486 2241
f 2344 2463 2345
f 2273 2489 2557
f 2489 2438 2557
f 2488 2438 2489
f 2186 2111 2195
f 2501 2447 2453
f 2585 2421 2273
f 2495 2234 2235
f 2495 2416 2234
f 2443 2442 2497
f 2336 2190 2191
f 2562 2384 2270
f 2224 2409 2226
f 2500 2405 2420
f 2500 2401 2405
f 2500 2225 2401
f 2604 2316 2312
f 2521 2458 2461
f 2560 2503 2396
f 2396 2503 2397
f 2086 2088 2095
f 2535 2506 2480
f 2491 2481 2075
f 2507 2375 2496
f 2127 2129 2508
f 2284 2283 2250
f 2510 2436 2357
f 2596 2595 2511
f 2357 2596 2511
f 2090 2108 2324
f 2324 2325 2656
f 2236 2240 2512
f 2512 2513 2701
f 2516 2667 2182
f 2515 2667 2516
f 2287 2518 2530
f 2328 2319 2519
f 2519 2318 2609
f 2288 2238 2521
f 2192 2221 2251
f 2222 2251 2221
f 2139 2195 2114
f 2110 2114 2195
f 2195 2111 2110
f 2213 2214 2407
f 2214 2196 2407
f 2212 2213 2407
f 2031 2033 2407
f 2212 2407 2033
f 2408 2407 2198
f 2407 2196 2198
f 2197 2662 2198
f 2199 2201 2662
f 2206 2205 2201
f 2202 2206 2201
f 2211 2633 2205
f 2152 2702 2153
f 2703 2153 2702
f 2154 2704 2169
f 2705 2169 2704
f 2155 2113 2211
f 2112 2211 2113
f 2706 2148 2707
f 2147 2707 2148
f 2708 2151 2709
f 2150 2709 2151
f 2710 2149 2706
f 2148 2706 2149
f 2169 2705 2168
f 2711 2168 2705
f 2112 2633 2211
f 2111 2633 2112
f 2153 2703 2154
f 2704 2154 2703
f 2707 2147 2712
f 2145 2712 2147
f 2709 2150 2710
f 2149 2710 2150
f 2151 2708 2152
f 2702 2152 2708
f 2712 2145 2713
f 2144 2713 2145
f 2714 2157 2715
f 2158 2715 2157
f 2716 2717 2162
f 2161 2162 2717
f 2718 2142 2719
f 2141 2719 2142
f 2719 2141 2720
f 2156 2720 2141
f 2717 2721 2161
f 2159 2161 2721
f 2722 2723 2165
f 2163 2165 2723
f 2713 2144 2724
f 2143 2724 2144
f 2724 2143 2718
f 2142 2718 2143
f 2723 2716 2163
f 2162 2163 2716
f 2720 2156 2714
f 2157 2714 2156
f 2721 2725 2159
f 2715 2159 2725
f 2158 2159 2715
f 2168 2711 2166
f 2726 2166 2711
f 2529 2381 2676
f 2534 2676 2381
f 2523 2683 2391
f 2727 2728 2604
f 2543 2727 2604
f 2316 2728 2729
f 2411 2379 2412
f 2022 2380 2379
f 2353 2022 2379
f 2371 2506 2472
f 2086 2586 2412
f 2402 2593 2265
f 2087 2542 2089
f 2001 2007 2010
f 2730 2731 2475
f 2391 1995 2285
f 2731 2315 2690
f 2504 2314 2397
f 2522 2314 2682
f 2536 2729 2373
f 2454 2538 2537
f 2546 2731 2545
f 2315 2731 2546
f 2540 2727 2543
f 2697 2362 2685
f 2285 2485 2362
f 2029 2545 2123
f 2560 2396 2363
f 2674 2547 2549
f 2100 2505 2684
f 2387 2732 2591
f 2587 2309 2387
f 2587 2578 2076
f 2588 2552 2551
f 2578 2577 2076
f 2275 2687 2488
f 2311 1999 2102
f 2502 2425 2437
f 2432 2219 2554
f 2390 2539 2380
f 2323 2696 2733
f 2322 2567 2323
f 2557 2406 2403
f 2699 2101 2558
f 2538 2462 2460
f 2360 2359 2109
f 2558 2601 2128
f 2128 2601 2129
f 2468 2467 2431
f 2545 2730 2559
f 2476 2428 2386
f 2592 2095 2482
f 2088 2503 2094
f 2398 2523 2363
f 2361 2363 2523
f 2502 2393 2414
f 2383 2255 2267
f 2393 2497 2424
f 2423 2384 2562
f 2410 2432 2232
f 2483 2565 2376
f 2474 2476 2550
f 2438 2426 2495
f 2551 2386 2385
f 2431 2231 2233
f 2630 2694 2590
f 2340 2582 2455
f 2119 2734 2735
f 2309 2311 2693
f 2567 2569 2696
f 2570 2698 2571
f 2413 2572 2120
f 2486 2480 2242
f 2597 2729 2536
f 2573 2575 2499
f 2729 2374 2373
f 2427 2577 2428
f 2374 2602 1968
f 2728 2374 2729
f 2602 2540 2603
f 2540 2689 2727
f 2242 2243 2579
f 2689 2728 2727
f 2730 2475 2559
f 2563 2562 2365
f 2604 2728 2316
f 2374 2728 2689
f 1962 2484 2334
f 2022 2390 2380
f 2379 2086 2412
f 2223 2554 2224
f 2582 2583 2468
f 2412 2586 2570
f 2088 2089 2561
f 2272 2585 2273
f 2542 2541 2089
f 2586 2095 2592
f 2380 2539 2542
f 2731 2730 2545
f 2731 2690 2475
f 2261 2423 2563
f 2332 2279 2446
f 2504 2312 2314
f 2100 2684 2482
f 2397 2314 2522
f 2683 1994 2391
f 2400 2460 2573
f 2030 1994 2683
f 2546 2029 2030
f 2682 2315 2546
f 2559 2474 2588
f 2546 2030 2682
f 2682 2030 2683
f 2314 2315 2682
f 2482 2684 2483
f 2483 2684 2565
f 2438 2500 2557
f 2685 2362 2382
f 2684 2697 2685
f 2396 2398 2363
f 2366 2264 2589
f 2094 2560 2505
f 2694 2591 2590
f 2505 2560 2363
f 2697 2505 2363
f 2505 2697 2684
f 2386 2428 2578
f 2570 2592 2698
f 2693 2732 2387
f 2580 2498 2305
f 2309 2693 2387
f 2578 2587 2387
f 2577 2469 2076
f 2595 2404 2375
f 2316 2729 2597
f 2553 2298 2352
f 2311 2566 1999
f 2121 2378 2119
f 2736 2598 2122
f 1999 2598 2736
f 2736 2122 2118
f 1999 2566 2598
f 1999 2736 2118
f 2227 2346 2465
f 2544 2559 2388
f 2124 2321 2322
f 2120 2572 2121
f 2323 2733 2125
f 2569 2358 2696
f 2696 2360 2733
f 2588 2551 2567
f 2322 2388 2567
f 2323 2567 2696
f 2388 2588 2567
f 2376 2564 2377
f 2700 2735 2734
f 2377 2564 2734
f 2101 2700 2558
f 2503 2561 2504
f 2564 2508 2129
f 2734 2564 2601
f 2700 2601 2558
f 2700 2734 2601
f 2600 2604 2312
f 2603 2540 2390
f 2494 2241 2244
f 2381 2317 2127
f 2541 2543 2599
f 1968 2602 2021
f 2733 2360 2125
f 2109 2125 2360
f 1962 2001 1963
f 2630 2590 2568
f 2599 2543 2600
f 2119 2735 2700
f 2000 2119 2700
f 2372 2472 2470
f 2608 2605 2606
f 2226 2496 2346
f 2318 2090 2324
f 2516 2181 2531
f 2615 2610 2612
f 2614 2616 2615
f 2619 2618 2688
f 2228 2494 2244
f 2507 2198 2621
f 2594 2621 2671
f 2668 2665 2183
f 2183 2665 2663
f 2623 2655 2624
f 2465 2626 2494
f 2547 2183 2548
f 2663 2652 2548
f 2356 2351 2355
f 2338 2355 2351
f 2737 2651 2649
f 2605 2240 2239
f 2479 2478 2737
f 2478 2651 2737
f 2654 2737 2649
f 2653 2737 2654
f 2327 2295 2320
f 2229 2244 2629
f 2611 2479 2612
f 2459 2623 2625
f 2198 2662 2622
f 2385 2387 2630
f 2527 2528 2631
f 2634 2613 2615
f 2111 2634 2633
f 2638 2637 2639
f 2657 2634 2635
f 2664 2656 2635
f 2678 2664 2635
f 2019 2020 2641
f 2638 2640 2185
f 2643 2619 2644
f 2310 1982 2307
f 2063 2307 1982
f 1983 2063 1982
f 2647 2247 2661
f 2679 2659 2018
f 2738 2643 2659
f 2643 2738 2679
f 2679 2738 2659
f 2104 2648 2435
f 2619 2688 2644
f 2640 2643 2185
f 2637 2739 2639
f 2652 2549 2548
f 2636 2646 2637
f 2205 2653 2201
f 2647 2513 2605
f 2646 2607 2637
f 2701 2513 2647
f 2701 2647 2740
f 2624 2512 2740
f 2660 2647 2661
f 2655 2236 2512
f 2325 2680 2658
f 2237 2655 2623
f 2659 2627 2020
f 2290 2509 2556
f 2499 2575 2246
f 2662 2652 2663
f 2286 2555 2517
f 2519 2609 2664
f 2646 2605 2607
f 2530 2518 2436
f 2622 2665 2620
f 2673 2434 2614
f 2637 2608 2739
f 2289 2288 2520
f 2653 2479 2737
f 2574 2625 2575
f 2248 2291 2556
f 2648 2527 2632
f 2658 2673 2613
f 2499 2096 2190
f 2617 2695 1993
f 2667 2671 2668
f 2631 2669 2477
f 2670 2650 2651
f 2671 2620 2668
f 2324 2656 2664
f 2328 2320 2319
f 2205 2612 2653
f 2466 2672 2467
f 2182 2668 2183
f 2201 2652 2662
f 2183 2663 2548
f 2595 2594 2671
f 2020 2327 2328
f 2628 2629 2305
f 2555 2284 2250
f 2610 2666 2611
f 2673 2614 2613
f 2657 2658 2634
f 2635 2656 2657
f 2531 2181 2184
f 2186 2635 2111
f 2107 2680 2325
f 2641 2328 2519
f 2642 2641 2664
f 2642 2664 2678
f 2019 2642 2678
f 2017 2019 2186
f 2645 2329 2627
f 2679 2018 2017
f 2018 2659 2020
f 2643 2645 2659
f 2643 2679 2185
f 2640 2619 2643
f 2105 2434 2673
f 2640 2639 2619
f 2636 2638 2247
f 2512 2701 2740
f 2533 2674 2534
f 2677 2534 2675
f 2740 2647 2660
f 2669 2677 2670
f 2661 2247 2246
f 2521 2238 2459
f 2435 2648 2666
f 2186 2678 2635
f 2185 2679 2186
f 2529 2676 2677
f 2632 2477 2611
f 2680 2106 2673
f 2507 2621 2594
f 2408 2198 2507
f 2624 2740 2660
f 2329 2295 2627
f 2739 2617 2639
f 2122 2598 2120
f 2449 2419 2418
f 2257 2258 2403
f 2258 2273 2557
f 2557 2420 2406
f 2452 2278 2422
f 2422 2278 2421
f 2339 2421 2585
f 2413 2570 2572
f 2525 2524 2429
f 2260 2383 2261
f 2383 2423 2261
f 2452 2422 2449
f 2449 2422 2419
f 2418 2417 2260
f 2522 2683 2523
f 2262 2261 2365
f 2451 2686 2274
f 2532 2184 2533
f 2565 2382 2508
f 2686 2450 2687
f 2618 2293 2292
f 2368 2365 2367
f 2602 2374 2689
f 2686 2443 2450
f 2315 2313 2690
f 2439 2442 2440
f 2672 2340 2342
f 2502 2497 2393
f 2443 2497 2502
f 2450 2443 2502
f 2249 2445 2282
f 2448 2281 2444
f 2446 2281 2447
f 2281 2282 2444
f 2101 2699 2389
f 2430 2468 2431
f 2691 2466 2468
f 2253 2456 2692
f 2732 2693 2591
f 2674 2549 2675
f 2416 2415 2233
f 2451 2276 2278
f 2441 2451 2452
f 2573 2459 2574
f 2455 2537 2460
f 2444 2445 2454
f 2462 2538 2454
f 2566 2308 2553
f 2458 2521 2459
f 2461 2445 2249
f 2681 2352 2353
f 2253 2692 2251
f 2466 2691 2672
f 2353 2379 2411
f 2254 2335 2252
f 2387 2591 2694
f 2692 2192 2251
f 2500 2420 2557
f 2470 2492 2471
f 2473 2492 2470
f 2491 2492 2473
f 2368 2471 2263
f 2506 2581 2367
f 2739 2608 2617
f 2514 2511 2515
f 2292 2294 2329
f 2243 2305 2579
f 2377 2734 2119
f 2443 2686 2441
f 2008 2490 2007
f 2330 2490 2008
f 2714 2157 2715
f 2158 2715 2157
f 2726 2722 2166
f 2165 2166 2722
f 2298 2038 2352
f 2719 2720 2038
f 2714 2038 2720
f 2715 2038 2714
f 2725 2038 2715
f 2352 2038 2725
f 2721 2352 2725
f 2717 2352 2721
f 2716 2352 2717
f 2723 2352 2716
f 2722 2352 2723
f 2726 2352 2722
f 2711 2352 2726
f 2705 2352 2711
f 2704 2352 2705
f 2022 2712 2034
f 2713 2034 2712
f 2038 2034 2713
f 2724 2038 2713
f 2718 2038 2724
f 2719 2038 2718
f 2707 2712 2022
f 2706 2707 2022
f 2710 2706 2022
f 2709 2710 2022
f 2708 2709 2022
f 2702 2708 2022
f 2703 2702 2022
f 2704 2703 2022
f 2352 2704 2022
f 2034 1968 2022
f 2298 2038 2352
f 2197 2199 2662
f 2117 2193 2191
f 2197 2177 2199
f 2175 2199 2177
f 2116 2146 2117
f 2193 2117 2146
f 2070 2301 2068
f 2300 2068 2301
f 2297 2296 2067
f 2065 2067 2296
f 2068 2300 2067
f 2297 2067 2300
f 2310 2307 2299
f 2064 2299 2307
f 2063 2064 2307
f 2714 2157 2715
f 2158 2715 2157
f 2741 2742 2743
f 2741 2742 2743
f 2741 2744 2742
f 2744 2741 2745
f 2746 2747 2748
f 2746 2747 2748
f 2746 2747 2748
f 2749 2750 2751
f 2750 2749 2752
f 2753 2754 2755
f 2754 2753 2756
f 2757 2758 2759
f 2758 2757 2760
f 2758 2756 2753
f 2756 2758 2760
f 2761 2759 2762
f 2759 2761 2757
f 2763 2764 2765
f 2764 2763 2766
f 2767 2768 2769
f 2768 2767 2770
f 2771 2772 2773
f 2772 2771 2774
f 2765 2775 2776
f 2775 2765 2764
f 2777 2778 2779
f 2742 2780 2781
f 2782 2783 2784
f 2783 2782 2785
f 2786 2787 2781
f 2788 2786 2781
f 2789 2786 2781
f 2790 2791 2792
f 2791 2790 2793
f 2794 2795 2773
f 2796 2797 2798
f 2796 2799 2797
f 2800 2801 2747
f 2747 2802 2803
f 2804 2805 2806
f 2805 2804 2807
f 2747 2802 2803
f 2747 2802 2803
f 2808 2773 2809
f 2810 2811 2812
f 2746 2813 2747
f 2813 2746 2814
f 2813 2814 2815
f 2813 2815 2816
f 2813 2816 2817
f 2746 2813 2747
f 2813 2746 2814
f 2813 2814 2815
f 2813 2815 2816
f 2813 2816 2817
f 2746 2813 2747
f 2813 2746 2814
f 2813 2814 2815
f 2813 2815 2816
f 2813 2816 2817
f 2746 2813 2747
f 2813 2746 2814
f 2813 2814 2815
f 2813 2815 2816
f 2813 2816 2817
f 2746 2813 2747
f 2813 2746 2814
f 2813 2814 2815
f 2813 2815 2816
f 2813 2816 2817
f 2818 2782 2784
f 2782 2818 2819
f 2820 2821 2822
f 2821 2820 2823
f 2822 2824 2820
f 2824 2822 2818
f 2824 2818 2825
f 2825 2818 2784
f 2825 2784 2826
f 2826 2784 2783
f 2826 2783 2827
f 2827 2783 2828
f 2828 2783 2829
f 2829 2783 2830
f 2830 2783 2831
f 2830 2831 2832
f 2832 2831 2833
f 2833 2831 2834
f 2833 2834 2835
f 2835 2834 2751
f 2835 2751 2836
f 2836 2751 2837
f 2837 2751 2750
f 2837 2750 2838
f 2838 2750 2839
f 2839 2750 2775
f 2839 2775 2840
f 2840 2775 2841
f 2827 2768 2826
f 2768 2827 2754
f 2768 2754 2756
f 2768 2756 2760
f 2768 2760 2769
f 2769 2760 2757
f 2769 2757 2761
f 2769 2761 2805
f 2805 2761 2842
f 2805 2842 2843
f 2805 2843 2806
f 2806 2843 2844
f 2806 2844 2845
f 2845 2844 2846
f 2845 2846 2847
f 2845 2847 2848
f 2848 2847 2849
f 2848 2849 2841
f 2848 2841 2775
f 2848 2775 2764
f 2848 2764 2850
f 2850 2764 2766
f 2850 2766 2851
f 2851 2766 2852
f 2822 2819 2818
f 2819 2822 2821
f 2824 2823 2820
f 2823 2824 2853
f 2780 2744 2854
f 2855 2747 2856
f 2747 2855 2802
f 2857 2858 2859
f 2858 2857 2860
f 2857 2858 2859
f 2858 2857 2860
f 2858 2804 2861
f 2858 2804 2861
f 2858 2804 2861
f 2807 2858 2862
f 2858 2807 2804
f 2807 2858 2862
f 2858 2807 2804
f 2782 2862 2795
f 2862 2782 2819
f 2862 2819 2821
f 2862 2821 2823
f 2862 2767 2807
f 2767 2862 2770
f 2770 2862 2863
f 2863 2862 2864
f 2864 2862 2853
f 2853 2862 2823
f 2865 2866 2867
f 2865 2868 2866
f 2869 2776 2752
f 2776 2869 2765
f 2765 2869 2763
f 2763 2869 2870
f 2869 2776 2752
f 2776 2869 2765
f 2765 2869 2763
f 2763 2869 2870
f 2794 2785 2782
f 2785 2794 2871
f 2871 2794 2872
f 2872 2794 2869
f 2872 2869 2749
f 2749 2869 2752
f 2794 2782 2795
f 2794 2782 2795
f 2873 2874 2865
f 2875 2876 2877
f 2877 2876 2878
f 2879 2874 2873
f 2879 2874 2873
f 2880 2777 2779
f 2881 2779 2882
f 2779 2881 2880
f 2875 2876 2877
f 2875 2876 2877
f 2877 2876 2878
f 2875 2876 2877
f 2858 2861 2859
f 2858 2861 2859
f 2858 2861 2859
f 2858 2861 2859
f 2858 2861 2859
f 2858 2861 2859
f 2870 2883 2884
f 2883 2870 2885
f 2885 2870 2886
f 2886 2870 2887
f 2887 2870 2869
f 2870 2858 2860
f 2858 2870 2884
f 2858 2884 2888
f 2889 2890 2891
f 2889 2892 2893
f 2892 2889 2891
f 2875 2894 2895
f 2894 2875 2896
f 2896 2875 2877
f 2777 2897 2778
f 2777 2898 2897
f 2899 2900 2901
f 2899 2900 2901
f 2897 2900 2899
f 2807 2769 2805
f 2769 2807 2767
f 2795 2902 2903
f 2809 2795 2903
f 2795 2809 2773
f 2795 2902 2903
f 2858 2904 2862
f 2904 2858 2888
f 2748 2747 2905
f 2748 2747 2905
f 2748 2747 2905
f 2905 2747 2803
f 2905 2747 2803
f 2905 2747 2803
f 2905 2747 2803
f 2748 2747 2905
f 2748 2747 2905
f 2905 2747 2803
f 2905 2747 2803
f 2748 2747 2905
f 2779 2778 2882
f 2906 2907 2908
f 2908 2907 2909
f 2910 2911 2912
f 2911 2910 2913
f 2911 2913 2914
f 2914 2913 2915
f 2914 2915 2916
f 2916 2915 2917
f 2916 2917 2918
f 2918 2917 2919
f 2918 2919 2892
f 2892 2919 2895
f 2892 2895 2893
f 2893 2895 2920
f 2920 2895 2921
f 2921 2895 2894
f 2921 2894 2922
f 2922 2894 2923
f 2923 2894 2924
f 2924 2894 2925
f 2924 2925 2926
f 2926 2925 2927
f 2927 2925 2928
f 2928 2925 2792
f 2928 2792 2929
f 2929 2792 2930
f 2930 2792 2791
f 2930 2791 2931
f 2931 2791 2932
f 2932 2791 2933
f 2893 2934 2935
f 2934 2893 2920
f 2935 2934 2936
f 2935 2936 2937
f 2935 2937 2938
f 2935 2938 2939
f 2939 2938 2940
f 2939 2940 2941
f 2939 2941 2942
f 2939 2942 2943
f 2943 2942 2944
f 2943 2944 2945
f 2943 2945 2946
f 2946 2945 2947
f 2946 2947 2948
f 2946 2948 2933
f 2946 2933 2791
f 2946 2791 2949
f 2946 2949 2950
f 2950 2949 2951
f 2950 2951 2952
f 2952 2951 2953
f 2952 2953 2954
f 2954 2953 2955
f 2954 2955 2956
f 2956 2955 2957
f 2956 2957 2958
f 2958 2957 2959
f 2960 2961 2962
f 2963 2960 2962
f 2964 2965 2966
f 2967 2965 2964
f 2968 2966 2878
f 2969 2877 2970
f 2971 2972 2973
f 2969 2896 2877
f 2973 2972 2969
f 2974 2965 2967
f 2975 2976 2977
f 2978 2979 2980
f 2978 2981 2979
f 2982 2968 2878
f 2983 2984 2985
f 2985 2984 2986
f 2966 2987 2964
f 2987 2966 2988
f 2966 2989 2988
f 2989 2966 2968
f 2986 2984 2990
f 2979 2954 2980
f 2954 2979 2952
f 2991 2957 2810
f 2957 2991 2959
f 2959 2991 2992
f 2959 2992 2993
f 2994 2955 2995
f 2955 2994 2957
f 2957 2994 2811
f 2957 2811 2810
f 2996 2951 2949
f 2951 2996 2997
f 2997 2996 2998
f 2971 2793 2790
f 2793 2971 2999
f 2999 2971 3000
f 2999 3000 3001
f 2972 2792 2925
f 2792 2972 2790
f 2790 2972 2971
f 3002 3003 3004
f 3003 3002 3005
f 3005 3002 3006
f 3006 3002 3007
f 3007 3002 3008
f 3008 3002 3009
f 3010 3011 3012
f 3011 3010 3004
f 3004 3010 3002
f 3002 3010 3013
f 3002 3013 3014
f 2748 2833 2746
f 2833 2748 2832
f 2774 3015 3016
f 3015 2774 3017
f 2774 3018 3019
f 3018 2774 3016
f 2814 2836 2815
f 2836 2814 2835
f 3020 3021 3022
f 3020 3022 3023
f 2878 3024 2982
f 3024 2878 2876
f 2877 2878 3025
f 3025 2878 3026
f 3027 3028 3029
f 2999 3001 3030
f 3000 2971 2973
f 3000 2971 2973
f 3000 2971 2973
f 3031 3032 3033
f 3034 3035 3036
f 3037 3035 3034
f 3038 3039 3040
f 3040 3041 3042
f 3038 3040 3042
f 3043 3044 3045
f 3046 3034 3047
f 3046 3048 3034
f 3045 3049 3050
f 2815 2837 2816
f 2837 2815 2836
f 3051 3052 3035
f 3037 3051 3035
f 3053 3054 3055
f 3054 3053 3056
f 3056 3053 3057
f 3058 3059 3060
f 3059 3058 3061
f 3062 3063 3064
f 3063 3062 3065
f 3065 3062 3066
f 3062 3067 2774
f 3067 3062 3068
f 3068 3062 3069
f 3069 3062 3070
f 3070 3062 3064
f 2746 2835 2814
f 2835 2746 2833
f 2803 2830 2905
f 2830 2803 2829
f 2905 2832 2748
f 2832 2905 2830
f 2755 2827 2855
f 2827 2755 2754
f 2802 2829 2803
f 2829 2802 2828
f 2773 3071 3072
f 3071 2773 2772
f 3072 2794 2773
f 2794 3072 3073
f 2794 3073 3074
f 3072 2794 2773
f 2794 3072 3073
f 2794 3073 3074
f 2773 3071 3072
f 3071 2773 2772
f 2773 3071 3072
f 3071 2773 2772
f 3075 3076 3077
f 2855 2828 2802
f 2828 2855 2827
f 2855 2828 2802
f 2828 2855 2827
f 2755 2827 2855
f 2827 2755 2754
f 3075 3077 3078
f 3075 3077 3078
f 2755 2827 2855
f 2827 2755 2754
f 3075 3079 3076
f 3079 3075 3080
f 3080 3075 3081
f 3082 3075 2817
f 3075 3082 3083
f 3075 3083 3081
f 2826 2864 2825
f 2864 2826 2863
f 2859 2845 2848
f 2845 2859 2861
f 2857 2851 2860
f 2851 2857 2850
f 3084 3085 3043
f 2859 2850 2857
f 2850 2859 2848
f 2856 2762 2759
f 2762 2856 3075
f 2762 3075 3086
f 2842 2762 3086
f 2762 2842 2761
f 2871 2834 2831
f 2834 2871 2872
f 3075 3078 3086
f 2872 2751 2834
f 2751 2872 2749
f 3075 2856 3087
f 3087 2856 3088
f 2785 2831 2783
f 2831 2785 2871
f 2860 2852 2870
f 2852 2860 2851
f 3086 3089 3078
f 2856 2755 2855
f 2755 2856 2753
f 2753 2856 2758
f 2758 2856 2759
f 2752 2775 2750
f 2775 2752 2776
f 3089 3086 2762
f 2744 2780 2742
f 2856 2762 2759
f 2762 2856 3075
f 2762 3075 3086
f 2881 2882 3090
f 2881 2882 3090
f 2881 2882 3090
f 2843 3086 3078
f 3086 2843 2842
f 2856 2755 2855
f 2755 2856 2753
f 2753 2856 2758
f 2758 2856 2759
f 3091 3092 3093
f 3092 3091 3094
f 3092 3095 3093
f 3091 3092 3093
f 3092 3091 3094
f 2856 2755 2855
f 2755 2856 2753
f 2753 2856 2758
f 2758 2856 2759
f 3096 2888 2884
f 2794 3097 2869
f 3097 2794 3098
f 3098 2794 3099
f 3099 2794 3074
f 2794 3097 2869
f 3097 2794 3098
f 3098 2794 3099
f 3099 2794 3074
f 2862 2902 2795
f 2812 2811 2994
f 3100 2903 2902
f 3100 2903 2902
f 3100 2903 2902
f 2825 2853 2824
f 2853 2825 2864
f 3101 3102 2902
f 2862 3101 2902
f 2862 3101 2902
f 2870 2766 2763
f 2766 2870 2852
f 2861 2806 2845
f 2806 2861 2804
f 2770 2826 2768
f 2826 2770 2863
f 2909 2888 3096
f 2909 2888 3096
f 3103 2887 2869
f 3104 2886 2887
f 3096 2884 3105
f 3103 2869 3097
f 3099 3074 3106
f 3098 3099 3107
f 3108 3073 3072
f 2788 3109 2786
f 3110 3111 3112
f 3113 3109 2788
f 3114 3115 3116
f 3117 3109 3113
f 3052 3118 3035
f 3119 3120 3121
f 3122 3123 3124
f 3125 3122 3124
f 3126 2743 3127
f 3123 3126 3124
f 3128 3129 3130
f 3131 2800 3132
f 3117 3133 3134
f 3130 3135 3136
f 3128 3130 3136
f 3137 3138 3139
f 2849 3081 2841
f 3081 2849 3080
f 3140 3141 3142
f 3143 2787 2789
f 3144 3145 3146
f 3147 3148 3149
f 3148 3147 3150
f 3041 3149 3148
f 3147 3148 3149
f 3149 3151 3147
f 2747 3152 3153
f 3125 3124 3154
f 3084 3043 3045
f 3155 3156 3157
f 2866 3158 3159
f 3160 2908 3161
f 3162 3047 3163
f 3164 3165 3166
f 3167 2903 3100
f 3139 3138 3168
f 2800 3169 2801
f 3141 3170 3142
f 3171 3117 3134
f 3172 3173 3174
f 3175 3176 3177
f 3178 3120 3179
f 2844 3078 3077
f 3078 2844 2843
f 3180 3181 3182
f 3183 3133 3130
f 3133 3183 3134
f 3184 3182 3185
f 3186 3187 3188
f 3189 3032 3031
f 3190 3191 3192
f 3193 3194 3195
f 3196 3197 3198
f 3034 3048 3180
f 3034 3048 3037
f 3035 3196 3198
f 3036 3035 3198
f 3199 3184 3185
f 3200 3056 3057
f 3200 3201 3118
f 3050 3049 3047
f 3162 3163 3202
f 3049 3048 3046
f 3049 3046 3047
f 3059 3203 3060
f 3118 3201 3196
f 3035 3118 3196
f 3204 3195 3205
f 3206 3207 3153
f 3163 3036 3198
f 3039 3163 3198
f 3208 3188 2812
f 3188 3208 3186
f 3195 3194 3172
f 3209 3210 3110
f 3211 2999 3030
f 2999 3211 3212
f 3213 2884 3214
f 3049 3045 3048
f 3130 3215 3135
f 3216 3204 3217
f 3218 3219 3220
f 3221 3222 3219
f 3220 3203 3059
f 3060 3203 3173
f 3059 3061 3028
f 3223 3061 3224
f 3225 3058 3060
f 3226 3058 3227
f 3039 3228 3040
f 3216 3217 3229
f 3230 3057 3231
f 3232 3233 3234
f 3235 2969 3115
f 3236 3237 3238
f 3237 3239 3238
f 3223 3240 3241
f 3242 3243 3244
f 3211 3030 3032
f 3243 2741 2743
f 3245 3246 3247
f 3235 3114 3032
f 2747 3248 2856
f 2973 2969 3235
f 2854 3143 2780
f 3151 3249 3250
f 3251 3252 3250
f 3253 3254 3255
f 3256 3257 3258
f 3259 3260 3251
f 3157 3261 3262
f 2789 2787 2786
f 3263 2788 2781
f 3160 3264 3141
f 3113 2788 3263
f 3265 2744 2745
f 3117 3113 3266
f 3266 3113 3126
f 3244 3127 3123
f 3242 3244 3122
f 3243 3127 3244
f 3200 3267 3268
f 3133 3136 3130
f 3269 3129 3109
f 3265 3259 2744
f 2841 3083 2840
f 3083 2841 3081
f 2780 2789 2781
f 3270 3143 3271
f 2771 2773 2808
f 3234 3226 3227
f 3051 3267 3200
f 3272 3022 3273
f 3274 3193 3204
f 3125 3154 3275
f 3276 3203 3222
f 3277 3084 3045
f 2970 3278 3115
f 3050 3047 3162
f 3003 3186 3208
f 3279 3014 3274
f 3014 3279 3002
f 3280 3227 3110
f 3195 3281 3205
f 3241 3240 3237
f 3176 3282 3283
f 2879 3284 2874
f 3021 3285 3260
f 3259 3251 3271
f 3275 3286 3187
f 3160 3287 2908
f 3288 3068 3069
f 3029 3064 3027
f 3289 3135 3290
f 3104 2887 3103
f 3291 3018 3292
f 3293 3294 3295
f 3296 3297 3066
f 3097 3098 3298
f 3299 3067 3300
f 3175 3301 3176
f 3301 3175 3302
f 2746 2813 2747
f 2813 2746 2814
f 2813 2814 2815
f 2813 2815 2816
f 2813 2816 2817
f 3131 2800 3132
f 2876 2895 2919
f 2895 2876 2875
f 2911 2988 2912
f 2988 2911 2987
f 2914 2987 2911
f 2987 2914 2964
f 2916 2964 2914
f 2964 2916 2967
f 2918 2967 2916
f 2967 2918 2974
f 2986 2935 2939
f 2935 2986 2990
f 2985 2939 2943
f 2939 2985 2986
f 2983 2943 2946
f 2943 2983 2985
f 2981 2946 2950
f 2946 2981 2983
f 2979 2950 2952
f 2950 2979 2981
f 2976 2958 2977
f 2958 2976 2956
f 2977 2959 2993
f 2959 2977 2958
f 2994 2995 3303
f 3303 2953 3304
f 2953 3303 2955
f 2955 3303 2995
f 3305 2951 2997
f 2951 3305 2953
f 2953 3305 3304
f 2793 2949 2791
f 2949 2793 2996
f 2996 2793 2999
f 2996 2999 3212
f 3024 2919 2917
f 2919 3024 2876
f 2915 3024 2917
f 3024 2915 2982
f 2913 2982 2915
f 2982 2913 2968
f 2910 2968 2913
f 2968 2910 2989
f 2912 2989 2910
f 2989 2912 2988
f 3096 2884 3105
f 3096 3105 3306
f 3096 3306 3307
f 3264 3066 3062
f 3264 3161 3295
f 3264 3289 3290
f 3161 3096 3308
f 3264 3309 3066
f 3264 3290 3309
f 3264 3295 3289
f 3161 3293 3295
f 3161 3310 3293
f 3161 3311 3310
f 3096 3307 3308
f 3161 3312 3311
f 3161 3313 3312
f 3142 3170 3302
f 3251 3314 3252
f 3314 3285 3252
f 3150 3144 3285
f 3044 3181 3180
f 3048 3044 3180
f 3170 2774 2771
f 3141 3062 3170
f 3253 3153 3315
f 3206 3153 3253
f 3239 3316 3317
f 3318 3319 3320
f 3318 3320 3321
f 3322 3319 3318
f 3167 3323 2903
f 2903 3323 3324
f 3324 3325 2809
f 3326 3327 3328
f 3329 3165 3330
f 3329 3330 3331
f 3056 3268 3054
f 3200 3268 3056
f 3332 3075 3087
f 3217 3281 3229
f 3211 2996 3212
f 2996 3211 2998
f 3004 3211 3011
f 3004 3333 3211
f 3333 2997 2998
f 2997 3333 3305
f 3320 3319 3169
f 3042 3041 3149
f 3129 3296 3215
f 3269 3334 3129
f 2787 3334 3269
f 3129 3334 3297
f 3143 3028 2787
f 3270 3028 3143
f 3249 3059 3270
f 3041 3220 3249
f 3041 3218 3220
f 3040 3230 3041
f 3040 3228 3230
f 3230 3218 3041
f 3249 3220 3059
f 3270 3059 3028
f 3335 3028 3241
f 3300 3241 3299
f 3288 3241 3300
f 3335 3241 3288
f 3129 3297 3296
f 3029 3028 3335
f 2787 3027 3334
f 2787 3028 3027
f 3037 3180 3336
f 3237 3240 3239
f 2909 3138 2888
f 2907 3337 2909
f 3337 3138 2909
f 3338 3324 3323
f 3165 3253 3330
f 3339 3283 2874
f 3283 3340 2865
f 3172 3174 3195
f 3047 3034 3036
f 3173 3203 3174
f 3341 3342 3202
f 3011 3189 3012
f 3343 3287 3157
f 3157 3287 3344
f 3330 3255 3331
f 3279 3274 3216
f 3012 3189 3246
f 3012 3246 3209
f 3090 3345 3088
f 3346 3347 3348
f 3349 3350 3351
f 3349 3155 3350
f 3155 3349 2900
f 3260 3259 3265
f 3021 3265 3022
f 3352 3353 3354
f 3354 3179 3355
f 3115 3354 3355
f 3278 3354 3115
f 3356 3357 3206
f 3285 3358 3359
f 3285 3360 3358
f 3285 3359 3021
f 3255 3254 3338
f 3145 3342 3146
f 3126 3113 2743
f 3159 2867 2866
f 3003 3208 3333
f 3232 3234 3361
f 3234 3280 3361
f 3210 3280 3110
f 3280 3210 3361
f 3245 3361 3210
f 3362 3363 3245
f 3121 3361 3363
f 3052 3364 3118
f 3365 2873 2867
f 3146 3341 3038
f 3088 2856 3366
f 3111 3060 3173
f 3262 2879 2873
f 2744 3259 2854
f 3236 3238 3354
f 3354 3238 3239
f 3239 3232 3178
f 3367 3338 3167
f 3367 3331 3255
f 3045 3342 3145
f 3360 3368 3145
f 3358 3368 3360
f 3277 3045 3368
f 3045 3050 3342
f 3369 2880 2881
f 3369 2881 3370
f 3351 3371 3365
f 3359 3358 3085
f 3085 3084 3277
f 3358 3277 3368
f 3372 3002 3181
f 3372 3009 3002
f 3154 3373 3286
f 3154 3124 3171
f 3154 3374 3373
f 3154 3171 3183
f 3374 3183 3375
f 3376 3095 3092
f 2897 2898 2900
f 3377 3332 3345
f 3007 3242 3006
f 3242 3122 3125
f 3282 3093 3378
f 3093 3379 3378
f 3282 3378 3340
f 3380 2906 3343
f 2908 2909 3096
f 3340 3318 2868
f 3378 3318 3340
f 3381 3382 2801
f 3263 2781 2743
f 3379 3383 3322
f 3252 3150 3151
f 3150 3147 3151
f 3384 3019 3385
f 3386 3385 3387
f 3005 3275 3186
f 3006 3125 3005
f 3103 3097 3388
f 2962 2961 3293
f 3389 3390 3391
f 3392 3393 3394
f 3392 3391 3395
f 3396 3397 3398
f 3007 3272 3242
f 3023 3007 3008
f 3399 3400 2975
f 3400 3401 2975
f 3402 3403 3404
f 3272 3273 3405
f 3117 3109 3128
f 3385 3018 3291
f 3106 3074 3406
f 3407 3008 3009
f 3408 3023 3020
f 3407 3408 3008
f 3402 3236 3353
f 3329 3409 3166
f 3348 3347 3329
f 3347 3409 3329
f 3410 3411 3306
f 3392 3412 3413
f 3412 3414 2890
f 3415 3416 3417
f 3418 3419 3415
f 3420 3421 2796
f 2878 3415 3026
f 2878 2966 3415
f 3422 3423 3424
f 3026 3417 3425
f 3026 3425 3426
f 3427 3105 2884
f 2840 3082 2839
f 3082 2840 3083
f 3428 3429 3326
f 3428 3430 3429
f 3429 3431 3326
f 2978 3432 3433
f 3434 3016 3015
f 3403 3292 3434
f 3435 3104 3436
f 3435 3437 3104
f 3404 3015 3017
f 3236 3404 3017
f 3328 2960 2963
f 3406 3422 3438
f 3335 3069 3070
f 3025 3439 3440
f 3025 3440 3352
f 3401 3441 3442
f 3066 3297 3065
f 3443 3298 3421
f 3425 3385 3426
f 3290 3215 3309
f 3444 3441 3401
f 3393 3395 3214
f 3416 3386 3387
f 3300 3068 3288
f 3256 3389 3433
f 3440 3402 3352
f 3029 3070 3064
f 3427 3306 3105
f 3445 3410 3427
f 3394 3437 3412
f 3278 2877 3025
f 3397 2772 3398
f 2961 3446 3447
f 3448 3308 3307
f 3411 3448 3307
f 3430 3449 3257
f 3444 3400 3446
f 3400 3399 3450
f 3443 3103 3388
f 3107 3099 3106
f 3389 3392 2984
f 2984 3392 3413
f 3246 3031 3451
f 3431 3429 2978
f 3429 3432 2978
f 3106 3406 2799
f 3421 3107 2799
f 2904 3101 2862
f 3043 3407 3009
f 3372 3043 3009
f 3044 3043 3372
f 3043 3085 3407
f 3408 3020 3085
f 3334 3063 3065
f 2963 3310 3311
f 3104 2886 2887
f 3452 2883 2885
f 3453 3454 3313
f 3455 3313 3456
f 3449 3453 3455
f 3257 3448 3258
f 3257 3449 3448
f 3391 3213 3395
f 3391 3445 3213
f 3457 2796 2965
f 2965 2798 3458
f 3448 3455 3308
f 3258 3411 3410
f 3390 3410 3445
f 3459 2885 2886
f 3437 3452 3459
f 3440 3403 3402
f 3074 3073 3108
f 3396 3398 3419
f 3192 3460 2901
f 2901 3460 3377
f 3190 3351 3191
f 3333 3304 3305
f 3304 3333 3208
f 3208 2994 3303
f 2994 3208 2812
f 3301 3461 3462
f 3053 3055 3231
f 3454 2963 3312
f 3454 3328 2963
f 3160 3463 3464
f 3344 3160 3464
f 3465 3466 3055
f 3071 2772 3397
f 3423 3397 3467
f 3072 3397 3423
f 3149 3146 3042
f 3149 3144 3148
f 3150 3148 3144
f 3319 3468 3382
f 3469 3376 3092
f 3470 3362 3245
f 3031 3119 3451
f 3116 3119 3031
f 3121 3362 3470
f 3451 3121 3470
f 3121 3363 3362
f 3168 2880 3369
f 3346 3369 3347
f 3139 3168 3369
f 3346 3139 3369
f 2973 3235 3471
f 3370 2881 3472
f 2839 2817 2838
f 2817 2839 3082
f 2881 3090 3472
f 3428 3453 3449
f 3428 3326 3453
f 3013 3010 3193
f 3010 3209 3194
f 3240 3223 3233
f 3345 3087 3088
f 3460 3132 3332
f 3460 3332 3377
f 3192 3131 3460
f 3032 3114 3033
f 3114 3116 3033
f 3409 3473 3164
f 3149 3249 3151
f 3360 3145 3144
f 3474 3384 3398
f 3398 3384 3386
f 3447 3450 3294
f 3450 3374 3294
f 3294 3374 3289
f 3108 3072 3423
f 3108 3423 3422
f 2898 3156 3155
f 3218 3221 3219
f 3231 3466 3218
f 3110 3227 3111
f 3227 3225 3111
f 3115 3355 3116
f 3116 3355 3119
f 3178 3232 3120
f 3355 3179 3119
f 3232 3121 3120
f 3119 3179 3120
f 3123 3126 3127
f 3117 3266 3126
f 3171 3117 3126
f 3124 3126 3171
f 3109 3129 3128
f 3137 3139 3475
f 3476 3141 3140
f 2891 2890 2974
f 3153 3207 3248
f 3248 3207 3357
f 2747 3153 3248
f 3067 3017 2774
f 3474 2772 2774
f 3384 3474 2774
f 3019 3384 2774
f 3477 3157 3262
f 3157 3477 3350
f 3477 3262 3371
f 3155 3157 3350
f 2866 3321 3158
f 3054 3465 3055
f 3164 3356 3165
f 3102 3167 3100
f 3138 3337 3478
f 3138 3478 3168
f 3169 3381 2801
f 3171 3134 3183
f 3112 3173 3172
f 3112 3111 3173
f 3354 3178 3179
f 2891 2890 2974
f 3045 3044 3048
f 3182 3181 3002
f 3180 3182 3184
f 3375 3130 3135
f 3183 3130 3375
f 3275 3187 3186
f 3189 3031 3246
f 3189 3211 3032
f 2901 3190 3192
f 3204 3193 3195
f 3217 3204 3205
f 3194 3110 3112
f 3194 3112 3172
f 3194 3209 3110
f 3214 2884 2883
f 3395 3213 3214
f 3129 3215 3130
f 3222 3203 3220
f 3039 3197 3228
f 3216 3229 3465
f 3216 3465 3268
f 3317 3233 3232
f 3233 3224 3234
f 3234 3224 3226
f 3235 3115 3114
f 3242 3405 3243
f 3405 2741 3243
f 2741 2742 2743
f 3243 2743 3127
f 3271 3143 2854
f 3143 2789 2780
f 3253 3315 3254
f 3254 3315 3376
f 3254 3376 3469
f 3256 3258 3390
f 3260 3314 3251
f 2816 2838 2817
f 2838 2816 2837
f 3160 3161 3264
f 3479 2777 2880
f 3273 2745 2741
f 3273 2741 3405
f 3022 2745 3273
f 3022 3265 2745
f 3122 3244 3123
f 3336 3267 3051
f 3336 3216 3267
f 3267 3216 3268
f 2974 2890 2965
f 3234 3227 3280
f 3051 3200 3364
f 3014 3013 3274
f 3013 3193 3274
f 3276 3222 3221
f 2969 2970 3115
f 3050 3162 3342
f 3005 3186 3003
f 3199 3185 3279
f 3185 3182 3279
f 3182 3002 3279
f 3093 3095 3383
f 3241 3237 3299
f 3177 3283 3339
f 3176 3283 3177
f 2873 2865 2867
f 3260 3285 3314
f 2854 3259 3271
f 3275 3154 3286
f 3287 2906 2908
f 3027 3064 3063
f 3135 3215 3290
f 3289 3374 3375
f 3289 3375 3135
f 3103 2887 2869
f 3436 3104 3103
f 3292 3018 3016
f 3480 3291 3292
f 2961 3447 3293
f 3293 3447 3294
f 3309 3296 3066
f 3298 3098 3107
f 3388 3097 3298
f 3299 3017 3067
f 3030 3000 2973
f 3000 3030 3001
f 2892 2974 2918
f 2974 2892 2891
f 2891 2890 2974
f 3188 2993 2992
f 3188 2977 2993
f 3188 2992 2991
f 3188 2810 2812
f 2810 3188 2991
f 2975 3188 3187
f 2975 2977 3188
f 2975 3442 2976
f 3442 2978 2980
f 2978 2984 2983
f 2978 2983 2981
f 2984 3413 2990
f 2932 3481 2931
f 3481 2932 3482
f 2948 3483 2933
f 3483 2948 3484
f 2990 2893 2935
f 2893 2990 2889
f 3485 2927 3486
f 2927 3485 2926
f 3487 2930 3488
f 2930 3487 2929
f 3486 2928 3489
f 2928 3486 2927
f 2947 3484 2948
f 3484 2947 3490
f 2990 3413 2889
f 2889 3413 2890
f 2933 3482 2932
f 3482 2933 3483
f 3491 2926 3485
f 2926 3491 2924
f 3489 2929 3487
f 2929 3489 2928
f 2931 3488 2930
f 3488 2931 3481
f 3492 2924 3491
f 2924 3492 2923
f 3493 2936 3494
f 2936 3493 2937
f 2941 3495 3496
f 3495 2941 2940
f 3497 2921 3498
f 2921 3497 2920
f 3499 2920 3497
f 2920 3499 2934
f 2940 3500 3495
f 3500 2940 2938
f 2944 3501 3502
f 3501 2944 2942
f 3503 2923 3492
f 2923 3503 2922
f 3498 2922 3503
f 2922 3498 2921
f 2942 3496 3501
f 3496 2942 2941
f 3494 2934 3499
f 2934 3494 2936
f 2938 3504 3500
f 3504 2938 3493
f 3493 2938 2937
f 2945 3490 2947
f 3490 2945 3505
f 3456 3161 3308
f 3161 3456 3313
f 3170 3461 3302
f 3383 3506 3507
f 3383 3507 3322
f 3508 3506 3095
f 3191 3159 3192
f 3159 3158 2800
f 3159 2800 3131
f 3252 3285 3150
f 3191 3365 2867
f 3044 3372 3181
f 2868 3321 2866
f 2789 2787 2781
f 3254 3509 3510
f 3062 2774 3170
f 3469 3094 3509
f 3176 3091 3282
f 3462 3091 3301
f 3153 3508 3315
f 3317 3316 3233
f 3324 3509 3325
f 3325 3509 3094
f 3322 3507 3319
f 3463 3141 3476
f 3141 3264 3062
f 2903 3324 2809
f 3140 3177 3339
f 3326 3328 3454
f 3464 3284 2879
f 3370 3511 3164
f 3164 3088 3366
f 2856 3356 3366
f 3329 3331 3367
f 2856 3357 3356
f 3268 3465 3054
f 2882 2778 3090
f 3217 3205 3281
f 3333 2998 3211
f 3158 3320 3169
f 3512 3475 3101
f 3101 3348 3102
f 3180 3184 3336
f 3337 2880 3478
f 3239 3240 3316
f 2888 3138 3137
f 2907 3380 3337
f 2906 3380 2907
f 3209 3246 3245
f 3338 3510 3324
f 3165 3206 3253
f 3262 2873 3371
f 2874 3283 2865
f 3140 3302 3175
f 3302 3140 3142
f 3195 3174 3281
f 3047 3036 3163
f 3203 3276 3174
f 3342 3162 3202
f 3011 3211 3189
f 3157 3344 3261
f 3330 3253 3255
f 3274 3204 3216
f 3166 3165 3329
f 3010 3012 3209
f 3369 3473 3409
f 3232 3361 3121
f 3513 3514 2898
f 3472 3090 3088
f 3475 3346 3348
f 3350 3477 3351
f 2901 3349 3190
f 3021 3260 3265
f 3315 3508 3376
f 3278 3352 3354
f 3153 3152 3508
f 3206 3357 3207
f 2747 3382 3152
f 3508 3152 3506
f 3381 3319 3382
f 3507 3468 3319
f 3359 3020 3021
f 3507 3506 3468
f 3338 3254 3510
f 3146 3342 3341
f 3095 3506 3383
f 3468 3506 3152
f 3113 3263 2743
f 3158 3169 2800
f 3191 2867 3159
f 3003 3333 3004
f 3245 3363 3361
f 3351 3365 3191
f 3340 2868 2865
f 3051 3364 3052
f 2868 3318 3321
f 3371 2873 3365
f 3321 3320 3158
f 3324 3510 3509
f 3254 3469 3509
f 3341 3202 3038
f 3225 3060 3111
f 3091 3093 3282
f 3262 3464 2879
f 3301 3091 3176
f 3170 2771 3461
f 3354 3239 3178
f 3461 2771 2808
f 2808 2809 3325
f 3325 3094 3462
f 3367 3255 3338
f 3462 2808 3325
f 3461 2808 3462
f 3462 3094 3091
f 3261 3464 3262
f 3344 3464 3261
f 3336 3279 3216
f 3160 3141 3463
f 3463 3476 3464
f 3140 3175 3177
f 3368 3045 3145
f 3284 3339 2874
f 3369 3370 3473
f 3140 3339 3284
f 3140 3284 3476
f 3464 3476 3284
f 3356 3206 3165
f 3477 3371 3351
f 3164 3511 3472
f 3085 3277 3358
f 3164 3472 3088
f 3164 3366 3356
f 2856 3248 3357
f 3154 3183 3374
f 3376 3508 3095
f 3132 3075 3332
f 2778 3345 3090
f 2898 3155 2900
f 2899 3377 3515
f 3515 3377 2778
f 2897 2899 3515
f 3377 3345 2778
f 2897 3515 2778
f 3242 3125 3006
f 3167 3338 3323
f 3102 3100 2902
f 2900 3349 2901
f 2904 3512 3101
f 3475 3139 3346
f 3512 3137 3475
f 3348 3329 3367
f 3348 3167 3102
f 3475 3348 3101
f 3348 3367 3167
f 3156 3343 3157
f 3514 3513 3479
f 3514 3343 3156
f 3337 3479 2880
f 3282 3340 3283
f 2906 3287 3343
f 3380 3343 3514
f 3337 3380 3479
f 3380 3514 3479
f 3093 3383 3379
f 3169 3319 3381
f 3023 3022 3272
f 2908 3096 3161
f 3378 3322 3318
f 2801 3382 2747
f 2904 3137 3512
f 3137 2904 2888
f 2742 2781 2743
f 3347 3369 3409
f 3379 3322 3378
f 3479 3513 2898
f 3479 2898 2777
f 3250 3252 3151
f 3384 3385 3386
f 3125 3275 3005
f 3103 2869 3097
f 3310 2962 3293
f 3389 3391 3392
f 3392 3395 3393
f 3467 3397 3396
f 3023 3272 3007
f 3399 2975 3286
f 3450 3399 3373
f 2960 3444 3446
f 3441 3444 2960
f 3403 3434 3404
f 3272 3405 3242
f 3327 2960 3328
f 3327 3431 3441
f 3133 3128 3136
f 3128 3133 3117
f 3429 3430 3516
f 3019 3018 3385
f 3516 3257 3256
f 3516 3430 3257
f 3429 3516 3432
f 3432 3516 3433
f 3099 3074 3106
f 3408 3023 3008
f 3389 3256 3390
f 3402 3404 3236
f 3401 3442 2975
f 3409 3164 3166
f 3411 3307 3306
f 3392 3394 3412
f 3413 3412 2890
f 3419 3416 3415
f 3414 3412 3435
f 3414 3436 3443
f 3414 3443 3457
f 3421 2799 2796
f 2966 3418 3415
f 3423 3396 3424
f 3086 2762 3089
f 2762 3086 2842
f 2762 2842 2761
f 3439 3026 3426
f 2797 3438 3458
f 3438 3424 3517
f 3458 3517 3424
f 3438 3517 3458
f 3213 3427 2884
f 3423 3467 3396
f 2966 3424 3418
f 3419 3518 3416
f 3327 3326 3431
f 3416 3425 3417
f 2978 3433 2984
f 3385 3291 3426
f 3416 3387 3425
f 3426 3291 3480
f 3519 3426 3480
f 3519 3292 3403
f 3439 3426 3440
f 3292 3016 3434
f 3437 3459 3104
f 3404 3434 3015
f 2799 3406 3438
f 3335 3288 3069
f 3025 3352 3278
f 3441 3431 3442
f 3297 3334 3065
f 3443 3388 3298
f 3387 3385 3425
f 3215 3296 3309
f 3400 3444 3401
f 3393 3214 3452
f 3518 3386 3416
f 3300 3067 3068
f 3516 3256 3433
f 3352 3402 3353
f 3335 3070 3029
f 3410 3306 3427
f 3394 3452 3437
f 2970 2877 3278
f 2772 3474 3398
f 3446 3450 3447
f 3258 3448 3411
f 3430 3428 3449
f 3446 3400 3450
f 3443 3436 3103
f 3098 3099 3107
f 3433 3389 2984
f 3246 3451 3247
f 2960 3446 2961
f 3442 3431 2978
f 3327 3441 2960
f 3450 3373 3374
f 3107 3106 2799
f 3085 3408 3407
f 3027 3063 3334
f 3390 3445 3391
f 3394 3393 3452
f 3412 3437 3435
f 3435 3436 3414
f 2963 2962 3310
f 2890 3414 2965
f 3104 3459 2886
f 3298 3107 3421
f 3443 3421 3420
f 3457 3443 3420
f 3457 3420 2796
f 2965 2796 2798
f 3406 3108 3422
f 2798 2797 3458
f 2799 3438 2797
f 3438 3422 3424
f 2966 3458 3424
f 3424 3396 3418
f 3452 3214 2883
f 3396 3419 3418
f 3026 3415 3417
f 3519 3480 3292
f 3313 3454 3312
f 3453 3313 3455
f 3440 3426 3519
f 3449 3455 3448
f 3025 3026 3439
f 3236 3017 3299
f 3445 3427 3213
f 3414 3457 2965
f 2965 3458 2966
f 3455 3456 3308
f 3390 3258 3410
f 3452 2885 3459
f 3373 3399 3286
f 3286 2975 3187
f 3440 3519 3403
f 3406 3074 3108
f 3419 3398 3518
f 2901 3377 2899
f 3197 3196 3228
f 3180 3037 3034
f 3336 3051 3037
f 3184 3199 3336
f 3201 3057 3230
f 3200 3057 3201
f 3364 3200 3118
f 3349 3351 3190
f 3208 3303 3304
f 3038 3163 3039
f 3038 3202 3163
f 3228 3201 3230
f 3196 3201 3228
f 3039 3198 3197
f 3302 3461 3301
f 3146 3038 3042
f 3055 3466 3231
f 3312 2963 3311
f 3287 3160 3344
f 3465 3229 3466
f 3072 3071 3397
f 3144 3146 3149
f 3468 3152 3382
f 3229 3221 3466
f 3469 3092 3094
f 3219 3222 3220
f 3119 3121 3451
f 3174 3276 3281
f 3281 3276 3221
f 3281 3221 3229
f 3061 3223 3028
f 3224 3058 3226
f 3227 3058 3225
f 3224 3061 3058
f 3168 3478 2880
f 3209 3245 3210
f 3245 3247 3470
f 3471 3235 3032
f 3370 3472 3511
f 3453 3326 3454
f 3010 3194 3193
f 3057 3053 3231
f 3230 3231 3218
f 3353 3236 3354
f 3239 3317 3232
f 3233 3223 3224
f 3233 3316 3240
f 3332 3087 3345
f 3236 3299 3237
f 3028 3223 3241
f 3131 3132 3460
f 3030 3471 3032
f 3451 3470 3247
f 3192 3159 3131
f 3033 3116 3031
f 3473 3370 3164
f 3030 2973 3471
f 3336 3199 3279
f 3249 3270 3250
f 3250 3270 3251
f 3251 3270 3271
f 3041 3249 3149
f 3144 3360 3285
f 3398 3386 3518
f 3294 3289 3295
f 3108 3073 3072
f 3359 3085 3020
f 2898 3514 3156
f 3218 3466 3221
f 2787 3269 2786
f 2786 3269 3109
f 3493 2936 3494
f 2936 3493 2937
f 2945 3502 3505
f 3502 2945 2944
f 3132 2817 3075
f 2817 3499 3497
f 3499 2817 3494
f 3494 2817 3493
f 3493 2817 3504
f 3504 2817 3132
f 3504 3132 3500
f 3500 3132 3495
f 3495 3132 3496
f 3496 3132 3501
f 3501 3132 3502
f 3502 3132 3505
f 3505 3132 3490
f 3490 3132 3484
f 3484 3132 3483
f 2813 3491 2800
f 3491 2813 3492
f 3492 2813 2817
f 3492 2817 3503
f 3503 2817 3498
f 3498 2817 3497
f 2800 3491 3485
f 2800 3485 3486
f 2800 3486 3489
f 2800 3489 3487
f 2800 3487 3488
f 2800 3488 3481
f 2800 3481 3482
f 2800 3482 3483
f 2800 3483 3132
f 2800 2747 2813
f 3132 2817 3075
f 3442 2980 2976
f 2969 2972 2896
f 2980 2956 2976
f 2956 2980 2954
f 2896 2925 2894
f 2925 2896 2972
f 2847 3080 2849
f 3080 2847 3079
f 2846 3077 3076
f 3077 2846 2844
f 2846 3079 2847
f 3079 2846 3076
f 3078 3086 3089
f 3086 3078 2843
f 3086 2843 2842
f 3493 2936 3494
f 2936 3493 2937

